,Unnamed: 0,Time,User,Tweet,TBPolarity,VPolarity,TBRoundedPolarity,VRoundedPolarity
0,0,2021-12-29 20:01:55+00:00,NHL,RT @PR_NHL: The @NHL and @NHLPA agree to modify COVID Protocol. https://t.co/hiVXTfyaAX https://t.co/QJOeM9nRfq,0.0,0.3612,0,1
1,1,2021-12-29 19:59:19+00:00,PlayStation,"""Yee, and I cannot stress this enough... haw.""

‚Äì Alex Chen, Life is Strange: True Colors

#GameQuotes2021 https://t.co/iYrMWt6ahM",0.09999999999999999,0.5158,1,1
2,2,2021-12-29 19:58:50+00:00,garyvee,RT @vaynerfootball: üö®üö®@foyelicious https://t.co/BQ8kbFebmj,0.0,0.0,0,0
3,3,2021-12-29 19:51:38+00:00,TSN_Sports,"Russia forfeits game vs. Slovakia after positive test

MORE: https://t.co/a556AZIyuh https://t.co/fPizuOnCI1",0.10909090909090909,0.5574,1,1
4,4,2021-12-29 19:51:14+00:00,Complex,"RT @ComplexMusic: ""Healthy is gangsta"" -Jadakiss https://t.co/r8bh4C2Ehh",0.5,0.4019,1,1
5,5,2021-12-29 19:48:00+00:00,CP24,"Biden, Putin to hold call over stepped up security demands
https://t.co/34sGr0AkmL https://t.co/TUu8mjajtm",0.0,0.34,0,1
6,6,2021-12-29 19:39:13+00:00,spittinchiclets,"RT @tsnjamesduthie: It‚Äôs easy to just scream cancel the tournament. 

Maybe that will become the obvious move in a day or two or three. 

B‚Ä¶",0.21666666666666667,-0.2023,1,-1
7,7,2021-12-29 19:39:11+00:00,spittinchiclets,"RT @tsnjamesduthie: ‚Ä¶ You have 10 teams, 250 players, plus their staffs, who have come a long way and been through a lot for a chance to pl‚Ä¶",-0.05,0.25,-1,1
8,8,2021-12-29 19:35:01+00:00,NHL,"The @NYRangers are taking a trip down to the Sunshine State to face the @FlaPanthers tonight! ‚òÄÔ∏è 

Who ya got? 

NH‚Ä¶ https://t.co/cDJaPnm2Pm",-0.19444444444444448,0.5411,-1,1
9,9,2021-12-29 19:34:31+00:00,CP24,"More cruise ships under CDC investigation due to COVID cases
https://t.co/5wPYYJu0m7",0.1875,0.0,1,0
10,10,2021-12-29 19:33:23+00:00,pdpatt,"RT @LaidBackLlamas: Laid Back Llamas Giveaway!üíé

We‚Äôre giving away 5 WHITELISTS!

To enter: 
1Ô∏è‚É£ Like and Retweet
2Ô∏è‚É£ Follow us @LaidBackLl‚Ä¶",0.0,0.6688,0,1
11,11,2021-12-29 19:31:19+00:00,SportsCenter,"In Cincinnati‚Äôs semifinal game vs. Alabama Friday, Bearcats DB Coby Bryant will honor his namesake Kobe Bryant by w‚Ä¶ https://t.co/TOGVSyWm22",-0.4,0.4939,-1,1
12,12,2021-12-29 19:29:08+00:00,NHL,"The @StLouisBlues play their final game before the #WinterClassic tonight against the @EdmontonOilers. üëÄ

Which mat‚Ä¶ https://t.co/3DzUZ7IYbW",-0.2,0.34,-1,1
13,13,2021-12-29 19:28:04+00:00,CapFriendly,"#Caps forward Michael Sgarbossa has cleared waivers.

No other players were placed on waivers today. https://t.co/W5il0ANnQ3",0.0625,-0.2023,1,-1
14,14,2021-12-29 19:28:01+00:00,Complex,A North Carolina teenager was rushed to the hospital  after his father accidentally shot him in the head. https://t.co/htdsxsCX5V,0.0,-0.34,0,-1
15,15,2021-12-29 19:26:16+00:00,Complex,RT @ComplexSports: Remains of MMA fighter David Koenig discovered in Missouri two years after he went missing. https://t.co/uozdFVBN3H,-0.2,-0.1531,-1,-1
16,16,2021-12-29 19:26:03+00:00,Complex,RT @ComplexMusic: Kid Cudi thanks fans after massive charts success of ‚ÄòMOTM III‚Äô vinyl. https://t.co/Zo9VCYVmLh,0.16666666666666666,0.765,1,1
17,17,2021-12-29 19:25:51+00:00,Complex,RT @ComplexPop: Jada Pinkett Smith opens up about hair loss from alopecia. https://t.co/BMZpYQDW6w,0.0,-0.3182,0,-1
18,18,2021-12-29 19:24:22+00:00,spittinchiclets,https://t.co/U15ASghHoR https://t.co/guRVfH9KbF,0.0,0.0,0,0
19,19,2021-12-29 19:24:15+00:00,CP24,"New COVID-19 cases in US soar to highest levels on record
https://t.co/k2d0g1vCMS",0.13636363636363635,0.0,1,0
