id,conversation_id,created_at,date,time,timezone,user_id,username,name,place,tweet,language,mentions,urls,photos,replies_count,retweets_count,likes_count,hashtags,cashtags,link,retweet,quote_url,video,thumbnail,near,geo,source,user_rt_id,user_rt,retweet_id,reply_to,retweet_date,translate,trans_src,trans_dest
1354933599171186697,1354933599171186697,2021-01-28 18:25:18 EST,2021-01-28,18:25:18,-0500,1137557396828676098,bitcoinultras,üö´üíâ | Bitcoin ‚àû/21M Ultras,,We will see $1M / #btc in this cycle. Save this tweet. #Bitcoin,en,[],[],[],103,367,3403,"['btc', 'bitcoin']",[],https://twitter.com/BitcoinUltras/status/1354933599171186697,False,,0,,,,,,,,[],,,,
1354932963641856000,1354932963641856000,2021-01-28 18:22:46 EST,2021-01-28,18:22:46,-0500,16732770,cnbcfastmoney,CNBC's Fast Money,,"""If we go back in history, retail was right about bitcoin, retail was right about Tesla, retail was right about GameStop,"" Morgan Creek's @APompliano says. His take on why retail traders aren't ""as stupid as everyone on Wall Street thinks they are."" $GME $TSLA #bitcoin  https://t.co/QOrTmEN5oP",en,"[{'screen_name': 'apompliano', 'name': 'pomp üå™', 'id': '339061487'}]",[],[],154,635,2629,['bitcoin'],"['gme', 'tsla']",https://twitter.com/CNBCFastMoney/status/1354932963641856000,False,,1,https://pbs.twimg.com/media/Es2wWJnXUAMHnyA.jpg,,,,,,,[],,,,
1354923489111597057,1354923489111597057,2021-01-28 17:45:07 EST,2021-01-28,17:45:07,-0500,17674486,michellephan,ùìú,,What happened to wallstreetbets shows us why #bitcoin is important. #stacksats,en,[],[],[],64,297,3043,"['bitcoin', 'stacksats']",[],https://twitter.com/MichellePhan/status/1354923489111597057,False,,0,,,,,,,,[],,,,
1354913999263920128,1354913999263920128,2021-01-28 17:07:25 EST,2021-01-28,17:07:25,-0500,1598709350,danheld,Dan Held,,Google takes your privacy. Governments take your rights.   Hedge funds take your money.   Bitcoin gives it all back.,en,[],[],[],44,337,1915,[],[],https://twitter.com/danheld/status/1354913999263920128,False,,0,,,,,,,,[],,,,
1354911925805731844,1354911925805731844,2021-01-28 16:59:10 EST,2021-01-28,16:59:10,-0500,3185716686,ashwsbreal,Ash WSB üç•,,This Movement is For the People and By the People .   $AMC $GME #dogecoin #Bitcoin,en,[],[],[],57,317,1471,"['dogecoin', 'bitcoin']","['amc', 'gme']",https://twitter.com/ashwsbreal/status/1354911925805731844,False,,0,,,,,,,,[],,,,
1354907492392738820,1354907492392738820,2021-01-28 16:41:33 EST,2021-01-28,16:41:33,-0500,4269393803,justinahorwitz,Justin Horwitz,,"With Robinhood taking their mask off and showing who really runs things, more of the public is becoming aware of legitimate class warfare/rigging done on behalf of the super rich. More and more will begin realize that GameStop was a battle. Bitcoin is the war. It's inevitable.",en,[],[],[],17,230,767,[],[],https://twitter.com/JustinAHorwitz/status/1354907492392738820,False,,0,,,,,,,,[],,,,
1354899983594618889,1354899983594618889,2021-01-28 16:11:43 EST,2021-01-28,16:11:43,-0500,244647486,saylor,Michael Saylor‚ö°Ô∏è,,"‚ÄúGoing forward, we continue to plan to hold our bitcoin and invest additional excess cash flows in bitcoin. Additionally, we will explore various approaches to acquire additional bitcoin as part of our overall corporate strategy.‚Äù   https://t.co/RNs8E0XF6J",en,[],['https://www.microstrategy.com/en/investor-relations/press/microstrategy-announces-fourth-quarter-2020-financial-results'],[],223,749,4752,[],[],https://twitter.com/saylor/status/1354899983594618889,False,,0,,,,,,,,[],,,,
1354899470094368768,1354899470094368768,2021-01-28 16:09:41 EST,2021-01-28,16:09:41,-0500,20507570,rd_btc,RD ‚ÇøTC,,"Wake up, It‚Äôs rigged AF bro..! #Bitcoin #wallstreetbets #RobinHood #RobbingHood  https://t.co/sIYhkRJ8WP",en,[],[],['https://pbs.twimg.com/tweet_video_thumb/Es2Rz2AXcAEgfsQ.jpg'],25,173,860,"['bitcoin', 'wallstreetbets', 'robinhood', 'robbinghood']",[],https://twitter.com/RD_btc/status/1354899470094368768,False,,1,https://pbs.twimg.com/tweet_video_thumb/Es2Rz2AXcAEgfsQ.jpg,,,,,,,[],,,,
1354897306823307267,1354897306823307267,2021-01-28 16:01:05 EST,2021-01-28,16:01:05,-0500,250980843,cameron,Cameron Winklevoss,,$GME Halted. #Bitcoin open.,en,[],[],[],103,275,2923,['bitcoin'],['gme'],https://twitter.com/cameron/status/1354897306823307267,False,,0,,,,,,,,[],,,,
1354896913888382983,1354896913888382983,2021-01-28 15:59:31 EST,2021-01-28,15:59:31,-0500,3185716686,ashwsbreal,Ash WSB üç•,,Billion dollar hedge funds will never stand a chance against 10 million people with $500-$1000.  Power of the people üí™üèº   Like and Retweet if you agree  $AMC $GME #Bitcoin #DOGE,en,[],[],[],118,1518,6083,"['bitcoin', 'doge']","['amc', 'gme']",https://twitter.com/ashwsbreal/status/1354896913888382983,False,,0,,,,,,,,[],,,,
1354891172553121797,1354891172553121797,2021-01-28 15:36:42 EST,2021-01-28,15:36:42,-0500,1337780902680809474,documentingbtc,Documenting Bitcoin üìÑ,,Wall Street just marketed #Bitcoin better than any tweet could.,en,[],[],[],41,541,4519,['bitcoin'],[],https://twitter.com/DocumentingBTC/status/1354891172553121797,False,,0,,,,,,,,[],,,,
1354879339687501824,1354879339687501824,2021-01-28 14:49:41 EST,2021-01-28,14:49:41,-0500,710909576216903680,britttttkelly,bk,,1/28 was an inside job.  Opt out. Use #bitcoin,en,[],[],[],19,139,1402,['bitcoin'],[],https://twitter.com/britttttkelly/status/1354879339687501824,False,,0,,,,,,,,[],,,,
1354875677833498624,1354875677833498624,2021-01-28 14:35:08 EST,2021-01-28,14:35:08,-0500,1205153155027107840,cryptolimbo_,Limbo,,B R E A K    T H E     S Y S T E M  WE ARE BUYING #BITCOIN NOW FOR FINANCIAL FREEDOM!,en,[],[],[],81,322,2443,['bitcoin'],[],https://twitter.com/CryptoLimbo_/status/1354875677833498624,False,,0,,,,,,,,[],,,,
1354872330850349056,1354872330850349056,2021-01-28 14:21:50 EST,2021-01-28,14:21:50,-0500,3185716686,ashwsbreal,Ash WSB üç•,,Dogecoin to the moon üöÄ  #DOGE #dogecoin #Bitcoin  https://t.co/hpC4VJKIjF,en,[],[],['https://pbs.twimg.com/media/Es15M1lXUAQKwxh.jpg'],376,3035,11235,"['doge', 'dogecoin', 'bitcoin']",[],https://twitter.com/ashwsbreal/status/1354872330850349056,False,,1,https://pbs.twimg.com/media/Es15M1lXUAQKwxh.jpg,,,,,,,[],,,,
1354866295309656068,1354866295309656068,2021-01-28 13:57:51 EST,2021-01-28,13:57:51,-0500,1351968481369968643,cousincrypt0,cousin crypto,,I‚Äôll blink when #WallStreet stops shagging people blind #Bitcoin @RobinhoodApp @TDAmeritrade  https://t.co/KIcWjgwx3g,en,"[{'screen_name': 'robinhoodapp', 'name': 'robinhood', 'id': '1265037073'}, {'screen_name': 'tdameritrade', 'name': 'td ameritrade', 'id': '16816021'}]",[],[],332,958,5854,"['wallstreet', 'bitcoin']",[],https://twitter.com/cousincrypt0/status/1354866295309656068,False,,1,https://pbs.twimg.com/ext_tw_video_thumb/1354866065398878210/pu/img/4e_UUjrFeOI9J0Sb.jpg,,,,,,,[],,,,
1354865484412411915,1354865484412411915,2021-01-28 13:54:38 EST,2021-01-28,13:54:38,-0500,899400132176859136,shapeshiftcoo,Jon ShapeShift,,"It just keeps getting worse, now robinhood auto-selling people's GME positions, this is wholly unacceptable.  If this was crypto and you held your own keys this would be impossible - exit the legacy financial system as soon as you can #Bitcoin .",en,[],[],[],38,205,725,['bitcoin'],[],https://twitter.com/ShapeShiftCOO/status/1354865484412411915,False,https://twitter.com/555Sunny/status/1354854993946406917,0,,,,,,,,[],,,,
1354865057578971137,1354865057578971137,2021-01-28 13:52:56 EST,2021-01-28,13:52:56,-0500,1131422344801599488,btckris_,BTC Kris,,When the Bitcoin price gets out of control...  https://t.co/ecWPMfKNZ6,en,[],[],['https://pbs.twimg.com/media/Es1ylwLUYAEoRDy.jpg'],63,426,3063,[],[],https://twitter.com/BTCKris_/status/1354865057578971137,False,,1,https://pbs.twimg.com/media/Es1ylwLUYAEoRDy.jpg,,,,,,,[],,,,
1354863294717206531,1354863294717206531,2021-01-28 13:45:56 EST,2021-01-28,13:45:56,-0500,449839063,ameerrosic,Ameer Rosic,,Are you really surprised?  Robinhood insider trading.  We can do it. You can't it.  Short wallst   Long #Bitcoin  https://t.co/mg9jOovvpB,en,[],[],['https://pbs.twimg.com/media/Es1w_IxXEAA9rqH.jpg'],70,600,2120,['bitcoin'],[],https://twitter.com/AmeerRosic/status/1354863294717206531,False,,1,https://pbs.twimg.com/media/Es1w_IxXEAA9rqH.jpg,,,,,,,[],,,,
1354854942117388291,1354854942117388291,2021-01-28 13:12:44 EST,2021-01-28,13:12:44,-0500,1337780902680809474,documentingbtc,Documenting Bitcoin üìÑ,,This should be your wake up call to get your #Bitcoin off exchanges.,en,[],[],[],59,323,2685,['bitcoin'],[],https://twitter.com/DocumentingBTC/status/1354854942117388291,False,,0,,,,,,,,[],,,,
1354847159779287042,1354847159779287042,2021-01-28 12:41:49 EST,2021-01-28,12:41:49,-0500,2363290915,melt_dem,Meltem Demir‚óérs,,"so @RayDalio's opening line on his research note about bitcoin is...  ""I believe Bitcoin is one hell of an invention.""   ""Bitcoin looks like a long-duration option on a highly unknown future""  welcome, Ray, we're so delighted you're here   https://t.co/jilWoPv08z",en,"[{'screen_name': 'raydalio', 'name': 'ray dalio', 'id': '62603893'}]",['https://www.bridgewater.com/research-and-insights/ray-dalio-what-i-think-of-bitcoin'],[],71,270,1571,[],[],https://twitter.com/Melt_Dem/status/1354847159779287042,False,,0,,,,,,,,[],,,,
1354844816199217152,1354844816199217152,2021-01-28 12:32:30 EST,2021-01-28,12:32:30,-0500,357312062,bitcoin,Bitcoin,,"""It shows... how the system's rigged.   A call to @RobinhoodApp, @reddit, @discord &amp; de-platformed. It's over for the little guy... There's no call you can make in #Bitcoin... people are seeing the permissionless nature of these blockchains &amp; the power of it."" @tyler  https://t.co/a1FlCuZgBh",en,"[{'screen_name': 'robinhoodapp', 'name': 'robinhood', 'id': '1265037073'}, {'screen_name': 'reddit', 'name': 'reddit', 'id': '811377'}, {'screen_name': 'discord', 'name': 'discord', 'id': '3065618342'}, {'screen_name': 'tyler', 'name': 'tyler winklevoss', 'id': '24222556'}]",[],[],103,508,1794,['bitcoin'],[],https://twitter.com/Bitcoin/status/1354844816199217152,False,,1,https://pbs.twimg.com/ext_tw_video_thumb/1354844778660155392/pu/img/AmHsg5f7N1fLVZVB.jpg,,,,,,,[],,,,
1354844036142661634,1354844036142661634,2021-01-28 12:29:24 EST,2021-01-28,12:29:24,-0500,3185716686,ashwsbreal,Ash WSB üç•,,I realized today that DOGE Army is Real !!!    #dogecoin #dogecointo1dollar #GME #amcstock #robinhood #Bitcoin,en,[],[],[],95,596,2251,"['dogecoin', 'dogecointo1dollar', 'gme', 'amcstock', 'robinhood', 'bitcoin']",[],https://twitter.com/ashwsbreal/status/1354844036142661634,False,,0,,,,,,,,[],,,,
1354842250862321672,1354842250862321672,2021-01-28 12:22:19 EST,2021-01-28,12:22:19,-0500,3983151149,ftx_app,FTX (formerly Blockfolio),,Wait until they figure out why #Bitcoin was created.,en,[],[],[],27,276,1605,['bitcoin'],[],https://twitter.com/ftx_app/status/1354842250862321672,False,,0,,,,,,,,[],,,,
1354838466899664896,1354838466899664896,2021-01-28 12:07:16 EST,2021-01-28,12:07:16,-0500,3185716686,ashwsbreal,Ash WSB üç•,,A lot of normal people are losing a lot of money because THE SYSTEM IS RIGGED FOR THE RICH.  $AMC $GME #Bitcoin #WSB #robinhood #dogecoin,en,[],[],[],27,146,811,"['bitcoin', 'wsb', 'robinhood', 'dogecoin']","['amc', 'gme']",https://twitter.com/ashwsbreal/status/1354838466899664896,False,,0,,,,,,,,[],,,,
1354831937425334273,1354831937425334273,2021-01-28 11:41:20 EST,2021-01-28,11:41:20,-0500,1194984822,goingparabolic,Jason Williams üöÄ,,Now the real evolution of thought. Exit the stock market and buy #Bitcoin. Game over.,en,[],[],[],38,171,1168,['bitcoin'],[],https://twitter.com/GoingParabolic/status/1354831937425334273,False,,0,,,,,,,,[],,,,
1354828032658317314,1354828032658317314,2021-01-28 11:25:49 EST,2021-01-28,11:25:49,-0500,34713362,business,Bloomberg,,Bridgewater founder Ray Dalio said Bitcoin is ‚Äúone hell of an invention‚Äù and he‚Äôs considering cryptocurrencies as investments for new funds  https://t.co/vwMku8G9xL,en,[],['https://trib.al/ebs6JXy'],[],45,258,1021,[],[],https://twitter.com/business/status/1354828032658317314,False,,0,,,,,,,,[],,,,
1354827613768847369,1354827613768847369,2021-01-28 11:24:09 EST,2021-01-28,11:24:09,-0500,1598709350,danheld,Dan Held,,You don‚Äôt actually own your stocks.  Your brokerage does.  But you can own your #Bitcoin.  ‚Äî  Learn howüëá,en,[],[],[],45,294,2178,['bitcoin'],[],https://twitter.com/danheld/status/1354827613768847369,False,,0,,,,,,,,[],,,,
1354822920212779008,1354822920212779008,2021-01-28 11:05:30 EST,2021-01-28,11:05:30,-0500,18856867,zerohedge,zerohedge,,*BRIDGEWATER'S DALIO CALLS BITCOIN `ONE HELL OF AN INVENTION',en,[],[],[],38,165,1199,[],[],https://twitter.com/zerohedge/status/1354822920212779008,False,,0,,,,,,,,[],,,,
1354821558548611080,1354821558548611080,2021-01-28 11:00:05 EST,2021-01-28,11:00:05,-0500,17427779,seanonolennon,Se√°n Ono Lennon,,"The people are forbidden from triggering any more losses for big money on Wall Street. Let it be known, the average Joe can be liquidated overnight, but the big guys on Wall Street are a protected class. Escape tyranny: buy #Bitcoin.  https://t.co/sKiZNM5d50",en,[],['https://www.google.com/amp/s/amp.theguardian.com/business/2021/jan/28/gamestop-shares-robinhood-app-ban-blackberry-amc-nokia-reddit'],[],72,576,2400,['bitcoin'],[],https://twitter.com/seanonolennon/status/1354821558548611080,False,,0,,,,,,,,[],,,,
1354815687919689734,1354815687919689734,2021-01-28 10:36:45 EST,2021-01-28,10:36:45,-0500,110933821,alexadelman,¬ßAlex Adelman üç≠,,Incredible day for bitcoin. I want to make some people's day...  Who wants some free bitcoin?  Drop those ¬ßSatsTags and RT for awareness.üëá,en,[],[],[],402,212,518,[],[],https://twitter.com/alexadelman/status/1354815687919689734,False,,0,,,,,,,,[],,,,
1354814066011721728,1354814066011721728,2021-01-28 10:30:19 EST,2021-01-28,10:30:19,-0500,1598709350,danheld,Dan Held,,Robinhood blocks trading of $GME and $AMC.   The system is rigged.  Bitcoin isn‚Äôt.,en,[],[],[],127,470,3370,[],"['gme', 'amc']",https://twitter.com/danheld/status/1354814066011721728,False,,0,,,,,,,,[],,,,
1354812696357560322,1354812696357560322,2021-01-28 10:24:52 EST,2021-01-28,10:24:52,-0500,250980843,cameron,Cameron Winklevoss,,The pandemic made people appreciate #Bitcoin as an inflation hedge. The de-platforming of Wall Street Bets is making everyone appreciate it's censorship resistance.,en,[],[],[],55,300,2253,['bitcoin'],[],https://twitter.com/cameron/status/1354812696357560322,False,,0,,,,,,,,[],,,,
1354812580007612429,1354812580007612429,2021-01-28 10:24:24 EST,2021-01-28,10:24:24,-0500,20507570,rd_btc,RD ‚ÇøTC,,#Bitcoin  üëãüèªWall Streetüëãüèª  @WSBChairman  https://t.co/qP21WjMbuX,en,"[{'screen_name': 'wsbchairman', 'name': 'the chairman', 'id': '868578294916145152'}]",[],['https://pbs.twimg.com/tweet_video_thumb/Es1C2e5UUAQT3Kp.jpg'],31,318,1311,['bitcoin'],[],https://twitter.com/RD_btc/status/1354812580007612429,False,,1,https://pbs.twimg.com/tweet_video_thumb/Es1C2e5UUAQT3Kp.jpg,,,,,,,[],,,,
1354811175574245383,1354811175574245383,2021-01-28 10:18:50 EST,2021-01-28,10:18:50,-0500,24222556,tyler,Tyler Winklevoss,,This is the beginning of the end for centralized finance. Wall Street Bets community ‚Äî welcome to #Bitcoin #Ethereum and #DeFi,en,[],[],[],413,2538,14664,"['bitcoin', 'ethereum', 'defi']",[],https://twitter.com/tyler/status/1354811175574245383,False,,0,,,,,,,,[],,,,
1354808924457721861,1354808924457721861,2021-01-28 10:09:53 EST,2021-01-28,10:09:53,-0500,538399586,prestonpysh,Preston Pysh,,"""I believe Bitcoin is one hell of an invention."" - @RayDalio    https://t.co/9FIW0y8U2R",en,"[{'screen_name': 'raydalio', 'name': 'ray dalio', 'id': '62603893'}]",['https://www.theblockcrypto.com/linked/92922/ray-dalio-bitcoin-bridgewater-associates-alt-cash-fund'],[],67,290,1784,[],[],https://twitter.com/PrestonPysh/status/1354808924457721861,False,,0,,,,,,,,[],,,,
1354806388329857025,1354803431295213578,2021-01-28 09:59:48 EST,2021-01-28,09:59:48,-0500,24222556,tyler,Tyler Winklevoss,,"@WSBChairman Yes. Bitcoin, Ethereum, and DeFi fix this.",en,[],[],[],105,165,2019,[],[],https://twitter.com/tyler/status/1354806388329857025,False,,0,,,,,,,,"[{'screen_name': 'WSBChairman', 'name': 'The Chairman', 'id': '868578294916145152'}]",,,,
1354803967616634883,1354803431295213578,2021-01-28 09:50:11 EST,2021-01-28,09:50:11,-0500,868578294916145152,wsbchairman,The Chairman,,@tyler Does Bitcoin fix this?,en,[],[],[],472,265,3949,[],[],https://twitter.com/WSBChairman/status/1354803967616634883,False,,0,,,,,,,,"[{'screen_name': 'tyler', 'name': 'Tyler Winklevoss', 'id': '24222556'}]",,,,
1354803213426249729,1354803213426249729,2021-01-28 09:47:11 EST,2021-01-28,09:47:11,-0500,244647486,saylor,Michael Saylor‚ö°Ô∏è,,#Bitcoin is a bank in cyberspace.   Deposit the amount of money you wish to keep.,en,[],[],[],173,1042,7110,['bitcoin'],[],https://twitter.com/saylor/status/1354803213426249729,False,,0,,,,,,,,[],,,,
1354802158500159495,1354802158500159495,2021-01-28 09:43:00 EST,2021-01-28,09:43:00,-0500,2453385626,raoulgmi,Raoul Pal,,"Im not sure if you have yet seen Bridgewater's Daily Observations on Bitcoin. Just out... entire piece is dedicated to it and is rather positive, for those of you that care about such things. 1/  https://t.co/T0gvl5JRih",en,[],[],['https://pbs.twimg.com/media/Es04850VcAE-lO9.jpg'],83,253,1679,[],[],https://twitter.com/RaoulGMI/status/1354802158500159495,False,,1,https://pbs.twimg.com/media/Es04850VcAE-lO9.jpg,,,,,,,[],,,,
1354801805687889928,1354801805687889928,2021-01-28 09:41:36 EST,2021-01-28,09:41:36,-0500,339061487,apompliano,Pomp üå™,,They can't shut down Bitcoin.,en,[],[],[],351,1519,12582,[],[],https://twitter.com/APompliano/status/1354801805687889928,False,,0,,,,,,,,[],,,,
1354797065889587205,1354794256582520832,2021-01-28 09:22:46 EST,2021-01-28,09:22:46,-0500,1337780902680809474,documentingbtc,Documenting Bitcoin üìÑ,,@WSBChairman WallStreetBets is one step away from discovering Bitcoin.,en,[],[],[],66,194,5136,[],[],https://twitter.com/DocumentingBTC/status/1354797065889587205,False,,0,,,,,,,,"[{'screen_name': 'WSBChairman', 'name': 'The Chairman', 'id': '868578294916145152'}]",,,,
1354795998791561221,1354795998791561221,2021-01-28 09:18:31 EST,2021-01-28,09:18:31,-0500,244647486,saylor,Michael Saylor‚ö°Ô∏è,,"We are going to open source our #Bitcoin Corporate Playbook, an array of documents covering governance, legal, financial, technical &amp; accounting considerations.  Get the briefing &amp; early access at our Bitcoin for Corporations conference Feb 3/4.   https://t.co/jHAhAkIq76  https://t.co/VylvaYyyfJ",en,[],['http://ow.ly/D8De50DkaUB'],['https://pbs.twimg.com/media/Es0zVYFXIAIM7RZ.jpg'],148,879,4996,['bitcoin'],[],https://twitter.com/saylor/status/1354795998791561221,False,,1,https://pbs.twimg.com/media/Es0zVYFXIAIM7RZ.jpg,,,,,,,[],,,,
1354795607580430339,1354795607580430339,2021-01-28 09:16:58 EST,2021-01-28,09:16:58,-0500,29722431,jeffallen71,Jeffstradamus,,@RussellOkung I start to believe you more and more each day. Pay me in Bitcoin,en,[],[],[],93,227,2292,[],[],https://twitter.com/JeffAllen71/status/1354795607580430339,False,,0,,,,,,,,[],,,,
1354791700917587975,1354791700917587975,2021-01-28 09:01:26 EST,2021-01-28,09:01:26,-0500,1533911174,parkeralewis,Parker Lewis,,Let Robinhood/CashApp suspending ability to trade certain stock serve as another warning of the growing censorship trend. Get your #Bitcoin off exchanges in general; it could never happen to you until it does.,en,[],[],[],16,130,701,['bitcoin'],[],https://twitter.com/parkeralewis/status/1354791700917587975,False,,0,,,,,,,,[],,,,
1354791467559100423,1354791467559100423,2021-01-28 09:00:31 EST,2021-01-28,09:00:31,-0500,971046392872521730,trylolli,Lolli üç≠,,"GameStop, AMC, and others delisted from Robinhood.   Bitcoin literally fixes this.",en,[],[],[],76,355,4148,[],[],https://twitter.com/trylolli/status/1354791467559100423,False,,0,,,,,,,,[],,,,
1354790579163553796,1354790579163553796,2021-01-28 08:56:59 EST,2021-01-28,08:56:59,-0500,20374262,maxkeiser,BITCOIN AMBASSADOR üá∏üáª,,"CRASH WALL STREET, BUY #BITCOIN  https://t.co/jEMb8HUAh4",en,[],[],['https://pbs.twimg.com/media/Es0u2ajXcAIJI6f.jpg'],40,243,1333,['bitcoin'],[],https://twitter.com/maxkeiser/status/1354790579163553796,False,,1,https://pbs.twimg.com/media/Es0u2ajXcAIJI6f.jpg,,,,,,,[],,,,
1354788854797119492,1354788854797119492,2021-01-28 08:50:08 EST,2021-01-28,08:50:08,-0500,455937214,layahheilpern,Layah Heilpern üéô,,Wall Street just pushed an entire generation into #bitcoin.   This is BULLISH.,en,[],[],[],130,566,4992,['bitcoin'],[],https://twitter.com/LayahHeilpern/status/1354788854797119492,False,,0,,,,,,,,[],,,,
1354788542053048322,1354788542053048322,2021-01-28 08:48:53 EST,2021-01-28,08:48:53,-0500,893818632089763840,petermccormack,Peter McLasso ‚ò†Ô∏è,,The Government is fucking you. The Central banks are fucking you. Wall Street is fucking you. Even Robinhood is fucking you.  Buy #bitcoin and fuck them back!,en,[],[],[],117,685,3260,['bitcoin'],[],https://twitter.com/PeterMcCormack/status/1354788542053048322,False,,0,,,,,,,,[],,,,
1354786215132856323,1354786215132856323,2021-01-28 08:39:39 EST,2021-01-28,08:39:39,-0500,52131562,karpour,Ôº´ Ôº° Ôº≤ Ôº∞ ÔºØ Ôºµ Ôº≤ „Ç´„É≥„Ç¨„É´„Éº,,"Just a reminder: You can EITHER trade bitcoin OR care about the environment, not both. The bitcoin network (and any other cryptocurrency) uses gigantic amounts of energy. One bitcoin transaction alone uses over 600kWh of energy.  https://t.co/10pSoLNdhl",en,[],['https://cbeci.org/'],[],31,167,378,[],[],https://twitter.com/karpour/status/1354786215132856323,False,,0,,,,,,,,[],,,,
1354779642624929803,1354779642624929803,2021-01-28 08:13:32 EST,2021-01-28,08:13:32,-0500,20902138,alistairmilne,Alistair Milne,,Hedge funds have ~$1billion in #Bitcoin shorts on CME...  ... just sayin',en,[],[],[],277,1306,7765,['bitcoin'],[],https://twitter.com/alistairmilne/status/1354779642624929803,False,,0,,,,,,,,[],,,,
1354777120287940608,1354777120287940608,2021-01-28 08:03:30 EST,2021-01-28,08:03:30,-0500,1353713941793431552,albastore001,Ayoü§úüèºü§õüèø,,Exchange gift cards and bitcoin to Naira with us today..  https://t.co/vScsY88Xm9,en,[],[],['https://pbs.twimg.com/media/Es0imtLXEAII8Z2.jpg'],10,112,212,[],[],https://twitter.com/Albastore001/status/1354777120287940608,False,,1,https://pbs.twimg.com/media/Es0imtLXEAII8Z2.jpg,,,,,,,[],,,,
1354763990107377664,1354763990107377664,2021-01-28 07:11:20 EST,2021-01-28,07:11:20,-0500,1337780902680809474,documentingbtc,Documenting Bitcoin üìÑ,,"Rumors are the hedge fund ""Fred Capital"" has a bitcoin short portion of about $7 trillion.",en,[],[],[],90,349,2671,[],[],https://twitter.com/DocumentingBTC/status/1354763990107377664,False,,0,,,,,,,,[],,,,
1354753532507942914,1354753532507942914,2021-01-28 06:29:46 EST,2021-01-28,06:29:46,-0500,918804624303382528,100trillionusd,PlanB,,"$GME short squeeze shows the power of HODL. Imagine what we can do with #bitcoin. You ain't seen nothing yet. Short squeeze QEüå™Ô∏è ‚úÖ Don't sell, never sell, just HODL ‚úÖ Get your BTC off exchanges and in your own wallet (because then nobody can use your bitcoin for short selling)  https://t.co/7tjcd92rZD",en,[],[],['https://pbs.twimg.com/media/Es0LTz3W8AECeKZ.png'],130,815,4329,['bitcoin'],['gme'],https://twitter.com/100trillionUSD/status/1354753532507942914,False,,1,https://pbs.twimg.com/media/Es0LTz3W8AECeKZ.png,,,,,,,[],,,,
1354744081403031552,1354744081403031552,2021-01-28 05:52:13 EST,2021-01-28,05:52:13,-0500,967501,obi,Obi Nwosu,,"Them: ""#Bitcoin is volatile""  Us: ""Seen the stock market recently?""  Them: ""#Bitcoin is manipulated""  Us: ""Seen the stock market recently?""",en,[],[],[],19,172,888,"['bitcoin', 'bitcoin']",[],https://twitter.com/obi/status/1354744081403031552,False,,0,,,,,,,,[],,,,
1354740115440996352,1354740115440996352,2021-01-28 05:36:28 EST,2021-01-28,05:36:28,-0500,13418472,woonomic,Willy Woo,,"The last 3 years has seen Stocks, Gold and Real Estate getting more volatile. Volatility is a sign of economic uncertainty.  Meanwhile Bitcoin continues its trend of reducing volatility.  https://t.co/KtWSc7dOiS",en,[],[],['https://pbs.twimg.com/media/Esz_YrsVoAAQu5V.jpg'],44,263,1618,[],[],https://twitter.com/woonomic/status/1354740115440996352,False,,1,https://pbs.twimg.com/media/Esz_YrsVoAAQu5V.jpg,,,,,,,[],,,,
1354678189491154946,1354678189491154946,2021-01-28 01:30:23 EST,2021-01-28,01:30:23,-0500,2546752813,asiatitude,RATsiatitude üêÄ | Jesse St James stan account,,Mon mec qui m'explique le bitcoin : Ma r√©f√©rence : ah comme les navets de animal crossing,fr,[],[],[],2,239,2497,[],[],https://twitter.com/Asiatitude/status/1354678189491154946,False,,0,,,,,,,,[],,,,
1354665497833336834,1354665497833336834,2021-01-28 00:39:57 EST,2021-01-28,00:39:57,-0500,285051289,arjunkharpal,Arjun Kharpal,,"#Dogecoin, a cryptocurrency originally started as a joke is up 72%. Reddit is at it again. Here are some screenshots from a Reddit board called ""SatoshiStreetBets"" (Satoshi = mysterious founder of bitcoin). Posts encouraging ppl to send Dogecoin to $1. Currently just over $0.01  https://t.co/9Nj5bPjOwc",en,[],[],"['https://pbs.twimg.com/media/Esy8CONU0AEGO-2.jpg', 'https://pbs.twimg.com/media/Esy9CiSVoAA4FUi.jpg', 'https://pbs.twimg.com/media/Esy9CiSUwAI-1e-.jpg']",730,5786,19679,['dogecoin'],[],https://twitter.com/ArjunKharpal/status/1354665497833336834,False,,1,https://pbs.twimg.com/media/Esy8CONU0AEGO-2.jpg,,,,,,,[],,,,
1354643705005748226,1354637938097844229,2021-01-27 23:13:21 EST,2021-01-27,23:13:21,-0500,339061487,apompliano,Pomp üå™,,@WSBChairman WSB + Tesla + Bitcoin = Wall Street nightmare,en,[],[],[],100,339,4621,[],[],https://twitter.com/APompliano/status/1354643705005748226,False,,0,,,,,,,,"[{'screen_name': 'WSBChairman', 'name': 'The Chairman', 'id': '868578294916145152'}]",,,,
1354642514611994625,1354642514611994625,2021-01-27 23:08:38 EST,2021-01-27,23:08:38,-0500,868578294916145152,wsbchairman,The Chairman,,Bitcoin or GameStop in-store credits?,en,[],[],[],1118,446,7896,[],[],https://twitter.com/WSBChairman/status/1354642514611994625,False,,0,,,,,,,,[],,,,
1354638121498013701,1354638121498013701,2021-01-27 22:51:10 EST,2021-01-27,22:51:10,-0500,893818632089763840,petermccormack,Peter McLasso ‚ò†Ô∏è,,"The suits, the bankers and the elites keep proving why we need #bitcoin  Welcome WSB...",en,[],[],[],50,196,2040,['bitcoin'],[],https://twitter.com/PeterMcCormack/status/1354638121498013701,False,,0,,,,,,,,[],,,,
1354637938097844229,1354637938097844229,2021-01-27 22:50:27 EST,2021-01-27,22:50:27,-0500,868578294916145152,wsbchairman,The Chairman,,Anybody own Bitcoin?,en,[],[],[],3528,2113,29328,[],[],https://twitter.com/WSBChairman/status/1354637938097844229,False,,0,,,,,,,,[],,,,
1354615896568967170,1354615896568967170,2021-01-27 21:22:51 EST,2021-01-27,21:22:51,-0500,794628648305389568,ran_the_numbers,Brandon (laser eyes forever),,Hedge funds being nuked 7 days before Michael Saylor spreads the Bitcoin message to a bunch of CEOs.,en,[],[],[],30,280,2518,[],[],https://twitter.com/ran_the_numbers/status/1354615896568967170,False,,0,,,,,,,,[],,,,
1354615123055357962,1354615123055357962,2021-01-27 21:19:47 EST,2021-01-27,21:19:47,-0500,244647486,saylor,Michael Saylor‚ö°Ô∏è,,"If you want the freedom to travel the world and live a nomadic lifestyle, you would do well to acquire some valuable property in cyberspace.   #Bitcoin   https://t.co/dtLZwMS8GU",en,[],['https://nomadcapitalist.com/2021/01/27/michael-saylor-coming-cryptocurrency-era/'],[],137,725,4244,['bitcoin'],[],https://twitter.com/saylor/status/1354615123055357962,False,,0,,,,,,,,[],,,,
1354589621452238855,1354589621452238855,2021-01-27 19:38:27 EST,2021-01-27,19:38:27,-0500,1337780902680809474,documentingbtc,Documenting Bitcoin üìÑ,,WallStreetBets is one step away from discovering Bitcoin,en,[],[],[],148,556,6385,[],[],https://twitter.com/DocumentingBTC/status/1354589621452238855,False,,0,,,,,,,,[],,,,
1354576693575495686,1354576693575495686,2021-01-27 18:47:05 EST,2021-01-27,18:47:05,-0500,1337780902680809474,documentingbtc,Documenting Bitcoin üìÑ,,r/WallStreetBets is down. Join r/Bitcoin,en,[],[],[],51,232,1863,[],[],https://twitter.com/DocumentingBTC/status/1354576693575495686,False,,0,,,,,,,,[],,,,
1354559162232016903,1354559162232016903,2021-01-27 17:37:25 EST,2021-01-27,17:37:25,-0500,47003920,jchervinsky,Jake Chervinsky,,Imagine the SEC denying a bitcoin ETF proposal because of market manipulation concerns after all this.,en,[],[],[],46,237,2264,[],[],https://twitter.com/jchervinsky/status/1354559162232016903,False,,0,,,,,,,,[],,,,
1354535298621792256,1354535298621792256,2021-01-27 16:02:35 EST,2021-01-27,16:02:35,-0500,135180235,russellokung,Okung üíØ,,Today is a great day for Bitcoin.   Millions are beginning to understand why independent sovereign money matters.,en,[],[],[],104,752,5812,[],[],https://twitter.com/RussellOkung/status/1354535298621792256,False,,0,,,,,,,,[],,,,
1354534774262534144,1354534774262534144,2021-01-27 16:00:30 EST,2021-01-27,16:00:30,-0500,357312062,bitcoin,Bitcoin,,Bank of Signapore says that #Bitcoin could replace $gold as a store of value.  https://t.co/pJEjyMYgSg,en,[],['https://www.independent.co.uk/life-style/gadgets-and-tech/bitcoin-gold-cryptocurrency-singapore-b1793313.html'],[],78,265,1164,['bitcoin'],['gold'],https://twitter.com/Bitcoin/status/1354534774262534144,False,,0,,,,,,,,[],,,,
1354529769681940481,1354529769681940481,2021-01-27 15:40:37 EST,2021-01-27,15:40:37,-0500,1598709350,danheld,Dan Held,,Bitcoin is one of the only assets left that the bankers don‚Äôt control.,en,[],[],[],49,176,1407,[],[],https://twitter.com/danheld/status/1354529769681940481,False,,0,,,,,,,,[],,,,
1354527706466160644,1354527706466160644,2021-01-27 15:32:25 EST,2021-01-27,15:32:25,-0500,952748996392554501,tylerscrypto,Tyler Strejilevich,,This is BIGGER than just #Bitcoin and the people are waking up  https://t.co/huCDNcIo6t,en,[],[],[],39,247,983,['bitcoin'],[],https://twitter.com/TylerSCrypto/status/1354527706466160644,False,,1,https://pbs.twimg.com/ext_tw_video_thumb/1354527499074609153/pu/img/ZnfG3r4b44b1a3c7.jpg,,,,,,,[],,,,
1354527085478305795,1354527085478305795,2021-01-27 15:29:57 EST,2021-01-27,15:29:57,-0500,29856819,therealkiyosaki,therealkiyosaki,,You‚Äôve got to be kidding me. Sec Treasury Yellin cautioning Bitcoin used in criminal activity. Doesn‚Äôt she know US dollar used in criminal activities too? Is she trying to scare people from Bitcoin? Great news. Bought more Bitcoin when price dropped.,en,[],[],[],388,1487,10413,[],[],https://twitter.com/theRealKiyosaki/status/1354527085478305795,False,,0,,,,,,,,[],,,,
1354518162289553410,1354518162289553410,2021-01-27 14:54:30 EST,2021-01-27,14:54:30,-0500,1598709350,danheld,Dan Held,,"""Bitcoin could replace gold as store of value"" - Bank of Signapore  https://t.co/JkCmXK25MZ",en,[],[],['https://pbs.twimg.com/media/Esw2_DhUYAAdwRQ.jpg'],48,188,1335,[],[],https://twitter.com/danheld/status/1354518162289553410,False,,1,https://pbs.twimg.com/media/Esw2_DhUYAAdwRQ.jpg,,,,,,,[],,,,
1354516505203888129,1354516505203888129,2021-01-27 14:47:55 EST,2021-01-27,14:47:55,-0500,2178012643,balajis,Balaji Srinivasan,,‚òÄÔ∏è The city of Miami just posted the #Bitcoin whitepaper on their website! This is a simple but powerful move that any jurisdiction can make to show they are in favor of technological progress. Who will follow Miami's example?,en,[],[],[],31,159,1246,['bitcoin'],[],https://twitter.com/balajis/status/1354516505203888129,False,https://twitter.com/FrancisSuarez/status/1354488469091975168,0,,,,,,,,[],,,,
1354505365145214985,1354505365145214985,2021-01-27 14:03:39 EST,2021-01-27,14:03:39,-0500,244647486,saylor,Michael Saylor‚ö°Ô∏è,,#Bitcoin wasn't built in a day.,en,[],[],[],337,713,7784,['bitcoin'],[],https://twitter.com/saylor/status/1354505365145214985,False,,0,,,,,,,,[],,,,
1354500404290191362,1354500404290191362,2021-01-27 13:43:56 EST,2021-01-27,13:43:56,-0500,1333467482,coindesk,CoinDesk,,Miami uploads bitcoin white paper to municipal government website.  by @realDannyNelson    https://t.co/7eVa36RhYX,en,"[{'screen_name': 'realdannynelson', 'name': 'danny nelson', 'id': '799069847254683648'}]",['https://trib.al/zP5H9zZ'],[],19,178,964,[],[],https://twitter.com/CoinDesk/status/1354500404290191362,False,,0,,,,,,,,[],,,,
1354498496892719106,1354498496892719106,2021-01-27 13:36:21 EST,2021-01-27,13:36:21,-0500,47966112,odell,ODELL,,The only global liquid free market is bitcoin.   Every other market is manipulated.,en,[],[],[],41,127,786,[],[],https://twitter.com/ODELL/status/1354498496892719106,False,,0,,,,,,,,[],,,,
1354495451999870977,1354495451999870977,2021-01-27 13:24:15 EST,2021-01-27,13:24:15,-0500,522938743,bud_crypto,CryptoBud,,"$BTC 4H chart is showing a Resistance level at $34,865.60 and Support level at $29,272.30  Bullish divergence on RSI and Stoch.  Fib Retracement Levels: 23% Fib Retracement = $30,112.50 38% Fib Retracement = $30,623.90 50% Fib Retracement = $31,022.80 #Bitcoin #BTC $btc  https://t.co/eXEGkq6Jue",en,[],[],"['https://pbs.twimg.com/media/EswibmjU0AAp_UZ.jpg', 'https://pbs.twimg.com/media/Eswib1aUUAAW7sL.jpg']",9,739,935,"['bitcoin', 'btc']","['btc', 'btc']",https://twitter.com/bud_crypto/status/1354495451999870977,False,,1,https://pbs.twimg.com/media/EswibmjU0AAp_UZ.jpg,,,,,,,[],,,,
1354493520996782082,1354493520996782082,2021-01-27 13:16:35 EST,2021-01-27,13:16:35,-0500,279036722,jasonfurman,Jason Furman,,Getting everyone to switch from Bitcoin to Gamestop would be a big improvement for climate change.,en,[],[],[],41,244,2018,[],[],https://twitter.com/jasonfurman/status/1354493520996782082,False,,0,,,,,,,,[],,,,
1354493433918976001,1354493433918976001,2021-01-27 13:16:14 EST,2021-01-27,13:16:14,-0500,970994516357472257,btc_archive,Bitcoin Archive üóÑüöÄüåî,,ITS HAPPENING! #Bitcoin  https://t.co/6Xhpd0CWne,en,[],[],['https://pbs.twimg.com/media/EswgmPMW4AgDBkJ.jpg'],33,219,1260,['bitcoin'],[],https://twitter.com/BTC_Archive/status/1354493433918976001,False,,1,https://pbs.twimg.com/media/EswgmPMW4AgDBkJ.jpg,,,,,,,[],,,,
1354492802130980866,1354492802130980866,2021-01-27 13:13:43 EST,2021-01-27,13:13:43,-0500,2933805082,fintechfrank,Frank Chaparro,,It‚Äôs funny how bitcoin is a sleepy institutional asset in 2021 while the stock market is a volatile casino for retail,en,[],[],[],35,338,2775,[],[],https://twitter.com/fintechfrank/status/1354492802130980866,False,,0,,,,,,,,[],,,,
1354491049373261831,1354491049373261831,2021-01-27 13:06:46 EST,2021-01-27,13:06:46,-0500,2914515430,reptomemmer,Tom Emmer,,‚úÖ  https://t.co/y7usH4gJBV #Bitcoin,und,[],['http://emmer.house.gov/bitcoin'],[],49,174,893,['bitcoin'],[],https://twitter.com/RepTomEmmer/status/1354491049373261831,False,https://twitter.com/PatrickMcHenry/status/1354195437520084992,0,,,,,,,,[],,,,
1354489833159348227,1354489833159348227,2021-01-27 13:01:56 EST,2021-01-27,13:01:56,-0500,2373682811,zackvoell,Zack Voell,,"""Bitcoin Twitter is jealous of Wall Street Bets""  No, we literally meme'd internet money into a $600B asset and they're taking down hedge funds for lunch.  We're brothers.",en,[],[],[],66,399,3747,[],[],https://twitter.com/zackvoell/status/1354489833159348227,False,,0,,,,,,,,[],,,,
1354489296510734341,1354489296510734341,2021-01-27 12:59:48 EST,2021-01-27,12:59:48,-0500,339061487,apompliano,Pomp üå™,,BREAKING: The City of Miami is the first government in the US to host the Bitcoin White Paper on their website.  Leadership matters. Thank you for leading the way @FrancisSuarez    https://t.co/dyysWPloQA,en,"[{'screen_name': 'francissuarez', 'name': 'mayor francis suarez', 'id': '617602505'}]",['https://www.miamigov.com/Government/City-Officials/Mayor-Francis-Suarez/Bitcoin-White-Paper'],[],92,631,3617,[],[],https://twitter.com/APompliano/status/1354489296510734341,False,,0,,,,,,,,[],,,,
1354488469091975168,1354488469091975168,2021-01-27 12:56:30 EST,2021-01-27,12:56:30,-0500,617602505,francissuarez,Mayor Francis Suarez,,The City of Miami believes in #Bitcoin and I‚Äôm working day and night to turn Miami into a hub for crypto innovation.   Proud to say Miami is the first municipal government to host Satoshi‚Äôs White Paper on government site. @balajis @tyler @cameron @APompliano  https://t.co/DBOni23ynY,en,"[{'screen_name': 'balajis', 'name': 'balaji srinivasan', 'id': '2178012643'}, {'screen_name': 'tyler', 'name': 'tyler winklevoss', 'id': '24222556'}, {'screen_name': 'cameron', 'name': 'cameron winklevoss', 'id': '250980843'}, {'screen_name': 'apompliano', 'name': 'pomp üå™', 'id': '339061487'}]",[],['https://pbs.twimg.com/media/EswcEjaW8AgBuKC.jpg'],664,3304,14030,['bitcoin'],[],https://twitter.com/FrancisSuarez/status/1354488469091975168,False,,1,https://pbs.twimg.com/media/EswcEjaW8AgBuKC.jpg,,,,,,,[],,,,
1354486567692337154,1354486567692337154,2021-01-27 12:48:57 EST,2021-01-27,12:48:57,-0500,18856867,zerohedge,zerohedge,,"How about this ""one pager"" thesis:   GME sells stock ATM at $300 to reddit, builds up billions in cash, buys bitcoin, creates a blockchain and cannabis sub, becomes the $1 trillion company and makes everyone who bought it superwealthy",en,[],[],[],71,228,1849,[],[],https://twitter.com/zerohedge/status/1354486567692337154,False,,0,,,,,,,,[],,,,
1354485758795640834,1354485758795640834,2021-01-27 12:45:44 EST,2021-01-27,12:45:44,-0500,135180235,russellokung,Okung üíØ,,"GameStop, get the dirty fiat, and turn it into #Bitcoin immediately!",en,[],[],[],123,469,4890,['bitcoin'],[],https://twitter.com/RussellOkung/status/1354485758795640834,False,,0,,,,,,,,[],,,,
1354474051914366977,1354474051914366977,2021-01-27 11:59:13 EST,2021-01-27,11:59:13,-0500,978281201244000256,crypto_dealer1,CRYPTO DEALER,,"Stop wasting ur money on unnecessary stuff, Guys be wise invest ur money on  cryptocurrency u can start with token money call us or whatapp us on +2348074346166 #Bitcoin #TRON  https://t.co/kaHZGmiwy5",en,[],[],['https://pbs.twimg.com/media/EswO-JUXYAY1Eol.jpg'],19,123,137,"['bitcoin', 'tron']",[],https://twitter.com/Crypto_dealer1/status/1354474051914366977,False,,1,https://pbs.twimg.com/media/EswO-JUXYAY1Eol.jpg,,,,,,,[],,,,
1354463962465775616,1354463962465775616,2021-01-27 11:19:08 EST,2021-01-27,11:19:08,-0500,538399586,prestonpysh,Preston Pysh,,"Guess what market doesn't have a circuit breaker and trades 24 hours a day, 365 days a year, and doesn't care whether your country wants to pull the plug or not...?  #Bitcoin",en,[],[],[],42,255,2049,['bitcoin'],[],https://twitter.com/PrestonPysh/status/1354463962465775616,False,,0,,,,,,,,[],,,,
1354463832740130819,1354463832740130819,2021-01-27 11:18:37 EST,2021-01-27,11:18:37,-0500,56562803,peterschiff,Peter Schiff,,"The market has spoken. GameStop is a much better store of value than Bitcoin. After all, it's already up over 20x so far in 2021, compared to Bitcoin's measly 5% gain. @michael_saylor should be urging corporate CEOs to plug their balance sheets into #GameStop instead of #Bitcoin.",en,[],[],[],1028,209,2315,"['gamestop', 'bitcoin']",[],https://twitter.com/PeterSchiff/status/1354463832740130819,False,,0,,,,,,,,[],,,,
1354461551160340480,1354461551160340480,2021-01-27 11:09:33 EST,2021-01-27,11:09:33,-0500,932630991298007041,litcapital,litquidity,,GameStop is Bitcoin AMC is Ethereum Blackberry is Litecoin,en,[],[],[],68,194,2182,[],[],https://twitter.com/litcapital/status/1354461551160340480,False,,0,,,,,,,,[],,,,
1354456320322265089,1354456320322265089,2021-01-27 10:48:46 EST,2021-01-27,10:48:46,-0500,24222556,tyler,Tyler Winklevoss,,"Big News: Ninepoint's Bitcoin Trust, has raised $180 million and just IPO'd on the Toronto Stock Exchange. Proud that @Gemini Custody is the custodian. To the moon! üëçüöÄ  https://t.co/pBsh8KS6G2",en,"[{'screen_name': 'gemini', 'name': 'gemini', 'id': '2815661158'}]",['https://fortune.com/2021/01/27/bitcoin-etf-crypto-trust-fund-goes-public/'],[],30,161,1122,[],[],https://twitter.com/tyler/status/1354456320322265089,False,,0,,,,,,,,[],,,,
1354455528382976002,1354455528382976002,2021-01-27 10:45:37 EST,2021-01-27,10:45:37,-0500,357312062,bitcoin,Bitcoin,,"Which will get to $100,000 first? #BITCOIN or the US national debt per person?  https://t.co/GocFusUfS7",en,[],[],['https://pbs.twimg.com/media/Esv9_G6UwAE1ahO.jpg'],140,467,2161,['bitcoin'],[],https://twitter.com/Bitcoin/status/1354455528382976002,False,,1,https://pbs.twimg.com/media/Esv9_G6UwAE1ahO.jpg,,,,,,,[],,,,
1354454459900944384,1354454459900944384,2021-01-27 10:41:22 EST,2021-01-27,10:41:22,-0500,24222556,tyler,Tyler Winklevoss,,"If I was the CEO of $AMC, the next move would be to purchase #Bitcoin and put it on the balance sheet.",en,[],[],[],276,636,7229,['bitcoin'],['amc'],https://twitter.com/tyler/status/1354454459900944384,False,,0,,,,,,,,[],,,,
1354450531842994176,1354450531842994176,2021-01-27 10:25:45 EST,2021-01-27,10:25:45,-0500,16973333,independent,The Independent,,"Bitcoin could replace gold as store of value, Bank of Singapore says  https://t.co/HLTV4gv2uG",en,[],['https://www.independent.co.uk/life-style/gadgets-and-tech/bitcoin-gold-cryptocurrency-singapore-b1793313.html?utm_content=Echobox&utm_medium=Social&utm_source=Twitter#Echobox=1611758862'],[],107,765,3128,[],[],https://twitter.com/Independent/status/1354450531842994176,False,,0,,,,,,,,[],,,,
1354446765420896258,1354446765420896258,2021-01-27 10:10:47 EST,2021-01-27,10:10:47,-0500,20856420,carlosmaslaton,Carlos Maslat√≥n,,"El que le tenga miedo al Bitcoin que se quede en su casa, que eleve su desagrado al Banco Central y a la Comisi√≥n Nacional de Valores de la Rep√∫blica Argentina y que arme un plazo fijo en el Banco de Galicia.",es,[],[],[],90,191,2270,[],[],https://twitter.com/CarlosMaslaton/status/1354446765420896258,False,,0,,,,,,,,[],,,,
1354442388173774850,1354442388173774850,2021-01-27 09:53:24 EST,2021-01-27,09:53:24,-0500,1598709350,danheld,Dan Held,,Over the last year:  Oil went from from $50 to negative $67  Gamestop went from $3 to $234 Bitcoin went from 4k to 40k   Central banks totally have things under control.,en,[],[],[],25,227,1296,[],[],https://twitter.com/danheld/status/1354442388173774850,False,,0,,,,,,,,[],,,,
1354441012312219650,1354441012312219650,2021-01-27 09:47:56 EST,2021-01-27,09:47:56,-0500,2214652482,rampcapitalllc,Ramp Capital,,Bitcoin breaks below 30k as the smart money moves into meme stocks,en,[],[],[],78,527,5387,[],[],https://twitter.com/RampCapitalLLC/status/1354441012312219650,False,,0,,,,,,,,[],,,,
1354438507704578052,1354438507704578052,2021-01-27 09:37:59 EST,2021-01-27,09:37:59,-0500,250980843,cameron,Cameron Winklevoss,,"If you don't like suits, buy $GME and $AMC. If you don't like the bankers, buy #Bitcoin",en,[],[],[],283,621,4418,['bitcoin'],"['gme', 'amc']",https://twitter.com/cameron/status/1354438507704578052,False,,0,,,,,,,,[],,,,
1354437809029918724,1354437809029918724,2021-01-27 09:35:12 EST,2021-01-27,09:35:12,-0500,2436389418,swiftonsecurity,SwiftOnSecurity,,"GameStop shares are now a currency, like Bitcoin but without the boiling oceans part.",en,[],[],[],28,186,1539,[],[],https://twitter.com/SwiftOnSecurity/status/1354437809029918724,False,,0,,,,,,,,[],,,,
1354433300509712387,1354433300509712387,2021-01-27 09:17:17 EST,2021-01-27,09:17:17,-0500,244647486,saylor,Michael Saylor‚ö°Ô∏è,,"Start with #Gold. Eliminate complexity, corruption, constraint, convention, contention, &amp; inflation. Substitute speed, power, intelligence, equity, ability &amp; accessibility. Finish with #Bitcoin.",en,[],[],[],162,759,5034,"['gold', 'bitcoin']",[],https://twitter.com/saylor/status/1354433300509712387,False,,0,,,,,,,,[],,,,
1354426340120911875,1354426340120911875,2021-01-27 08:49:38 EST,2021-01-27,08:49:38,-0500,970994516357472257,btc_archive,Bitcoin Archive üóÑüöÄüåî,,When you do it - it‚Äôs illegal.  When Wall Street does it - it‚Äôs good business.   It‚Äôs a rigged game.  #Bitcoin fixes this.,en,[],[],[],43,539,2852,['bitcoin'],[],https://twitter.com/BTC_Archive/status/1354426340120911875,False,,0,,,,,,,,[],,,,
1354426121509597191,1354426121509597191,2021-01-27 08:48:46 EST,2021-01-27,08:48:46,-0500,158610400,austin_rief,Austin Rief ‚òïÔ∏è,,News: Bitcoin tanking as investors look for safe havens like $AMC and $GME,en,[],[],[],138,588,7558,[],"['amc', 'gme']",https://twitter.com/austin_rief/status/1354426121509597191,False,,0,,,,,,,,[],,,,
1354414109660499978,1354414109660499978,2021-01-27 08:01:02 EST,2021-01-27,08:01:02,-0500,339061487,apompliano,Pomp üå™,,We need as many talented people working in Bitcoin and crypto as possible.  Today I am launching a job board focused exclusively on helping people find jobs at the best organizations. üö®  Want to work in the industry?  https://t.co/EaWrk2lCb3  https://t.co/lv3BDSuc65,en,[],['http://www.pompcryptojobs.com'],[],272,561,4073,[],[],https://twitter.com/APompliano/status/1354414109660499978,False,,1,https://pbs.twimg.com/ext_tw_video_thumb/1354413224356159489/pu/img/xAbLjFSi21dE689v.jpg,,,,,,,[],,,,
1354397838118158342,1354397838118158342,2021-01-27 06:56:22 EST,2021-01-27,06:56:22,-0500,213236426,adam3us,Adam Back,,"GME redditors figured it out - dont sell, infinity squeeze. And GME deserved to be shorted.  We know institutions are buying #bitcoin for the long term. We were years ahead of the smart-money realizing bitcoin is the monetary future. Why would you sell at all? HODL, make them pay",en,[],[],[],101,282,2030,['bitcoin'],[],https://twitter.com/adam3us/status/1354397838118158342,False,,0,,,,,,,,[],,,,
1354381919727837184,1354381919727837184,2021-01-27 05:53:07 EST,2021-01-27,05:53:07,-0500,883335021943279618,latokens,LATOKEN,,$200 $NIA Giveaway on @latokens exchange! 5 winners to get $40 each in #NIA  To Enter: ‚úÖ Retweet &amp; like this tweet ‚úÖ Comment ‚ù§Ô∏è @nydronia on CoinGecko  Winners to be declared on Feb 1 üìÖ  Join now:  https://t.co/OvEu0eVj58  #btc #bitcoin #cryptocurrency #eth #cryptonews  https://t.co/SWWWqkB8LF,en,"[{'screen_name': 'latokens', 'name': 'latoken', 'id': '883335021943279618'}, {'screen_name': 'nydronia', 'name': 'nydronia', 'id': '1342846570685992962'}]",['http://bit.ly/3sYejb3'],['https://pbs.twimg.com/media/Esu7LbYW4AAKZ7Q.jpg'],9211,7488,7662,"['nia', 'btc', 'bitcoin', 'cryptocurrency', 'eth', 'cryptonews']",['nia'],https://twitter.com/latokens/status/1354381919727837184,False,,1,https://pbs.twimg.com/media/Esu7LbYW4AAKZ7Q.jpg,,,,,,,[],,,,
1354337249496879105,1354337249496879105,2021-01-27 02:55:37 EST,2021-01-27,02:55:37,-0500,1276998316744757249,sabi_boyz,Sabi Boyz Only ‚≠ïüá≥üá¨,,A new set of reviews for my book: The Format  Read through  dm me to purchase it at N3000  or refer to the Okada Books link: https://t.co/0kdBqGHDTa   Whichever is less stressful  View my pinned tweet for further info  payments in bitcoin at the price of N4000  #SabiBoyz  https://t.co/0sgTGISasl,en,[],['https://okadabooks.com/book/about/detail/38916'],['https://pbs.twimg.com/media/EsuSixyXMAEr2V5.jpg'],10,188,200,['sabiboyz'],[],https://twitter.com/Sabi_boyz/status/1354337249496879105,False,,1,https://pbs.twimg.com/media/EsuSixyXMAEr2V5.jpg,,,,,,,[],,,,
1354295791645552643,1354295791645552643,2021-01-27 00:10:52 EST,2021-01-27,00:10:52,-0500,102594136,oneunderscore__,Ben Collins,,"People looking for an explainer of the Gamestop thing:  The Gamestop thing is like Bitcoin, in that they are both just gambling.  At least the Gamestop people aren't pretending they're saving the world when they're recruiting more people on Reddit to get addicted to gambling.",en,[],[],[],88,215,2069,[],[],https://twitter.com/oneunderscore__/status/1354295791645552643,False,,0,,,,,,,,[],,,,
1354294729098227714,1354294729098227714,2021-01-27 00:06:39 EST,2021-01-27,00:06:39,-0500,892945654451851265,croesus_btc,Croesus üî¥,,Do you see this rage?  Do you see this community channeling their anger at the system?  What do you think happens when they find out what #Bitcoin actually is?  2021 bull market could get bigger than any of us realize  https://t.co/qDypySjKwj,en,[],[],['https://pbs.twimg.com/media/EstqVH0UUAQ-yTs.png'],41,172,864,['bitcoin'],[],https://twitter.com/Croesus_BTC/status/1354294729098227714,False,,1,https://pbs.twimg.com/media/EstqVH0UUAQ-yTs.png,,,,,,,[],,,,
1354293203990671360,1354293203990671360,2021-01-27 00:00:36 EST,2021-01-27,00:00:36,-0500,978732571738755072,themooncarl,The Moon,,"üö® I NEED YOUR HELP üö®  I got a WARNING from YouTube now. The video they removed was a video about the #Bitcoin price, not controversial at all.  Please @TeamYouTube, this is the 5th time you make this mistake, please remove my warning.  Guys, please RETWEET and LIKE to speed up!  https://t.co/6tPM8ClXSS",en,"[{'screen_name': 'teamyoutube', 'name': 'teamyoutube', 'id': '3031071234'}]",[],['https://pbs.twimg.com/media/EstpSkvW8AEunbe.jpg'],353,1875,4138,['bitcoin'],[],https://twitter.com/TheMoonCarl/status/1354293203990671360,False,,1,https://pbs.twimg.com/media/EstpSkvW8AEunbe.jpg,,,,,,,[],,,,
1354274935959646214,1354274935959646214,2021-01-26 22:48:00 EST,2021-01-26,22:48:00,-0500,339061487,apompliano,Pomp üå™,,Just got an early look at something a government is going to launch tomorrow around Bitcoin.  It is one of those small things that will feel like a milestone moment though.  Leadership matters.,en,[],[],[],144,229,3317,[],[],https://twitter.com/APompliano/status/1354274935959646214,False,,0,,,,,,,,[],,,,
1354268586714382336,1354268586714382336,2021-01-26 22:22:46 EST,2021-01-26,22:22:46,-0500,2217225223,indepreserve,Independent Reserve,,"In light of recent events and community feedback Bitcoin SV (BSV) and related trading pairs will be delisted.  For more information, please read our latest announcement:  https://t.co/KZ01msC27x",en,[],['https://blog.independentreserve.com/news/bitcoin-sv-bsv-delisting'],[],240,157,1199,[],[],https://twitter.com/indepreserve/status/1354268586714382336,False,,0,,,,,,,,[],,,,
1354259494167961601,1354259494167961601,2021-01-26 21:46:38 EST,2021-01-26,21:46:38,-0500,1245637877964214273,aletheiacrypto,Aletheia,,"üëÄüîçIN-DEPTH RESEARCH REPORT: on @radixdlt published by @upblock_io.   Radix DLT is building a decentralized finance protocol that provides frictionless access, liquidity, and programmability of any asset in the world. $eXRD  #Bitcoin Read the report here.  https://t.co/gKgCdusITF",en,"[{'screen_name': 'radixdlt', 'name': 'radix - layer 1 defi done right', 'id': '2263270123'}, {'screen_name': 'upblock_io', 'name': 'upblock', 'id': '1089493316444606466'}]",['https://upblock.io/research/Radix'],[],0,3419,1324,['bitcoin'],['exrd'],https://twitter.com/AletheiaCrypto/status/1354259494167961601,False,,0,,,,,,,,[],,,,
1354252236298321921,1354252236298321921,2021-01-26 21:17:48 EST,2021-01-26,21:17:48,-0500,20374262,maxkeiser,BITCOIN AMBASSADOR üá∏üáª,,"üö®   WSB has discovered an enormous pocket of potential profits by exploiting sloppy hedge funds with big, unhedged, short positions.   This is how capitalism works, folks   We need more of this   Also:   #Bitcoin is the ultimate central bank killer   We should applaud this too",en,[],[],[],31,192,1488,['bitcoin'],[],https://twitter.com/maxkeiser/status/1354252236298321921,False,,0,,,,,,,,[],,,,
1354246294248820740,1354246294248820740,2021-01-26 20:54:11 EST,2021-01-26,20:54:11,-0500,1337780902680809474,documentingbtc,Documenting Bitcoin üìÑ,,GameStop trading volume today: $20B Bitcoin trading volume today: $13B,en,[],[],[],42,217,2326,[],[],https://twitter.com/DocumentingBTC/status/1354246294248820740,False,,0,,,,,,,,[],,,,
1354218394078375936,1354218394078375936,2021-01-26 19:03:19 EST,2021-01-26,19:03:19,-0500,1333467482,coindesk,CoinDesk,,"Ark Investment CEO Cathie Wood said the SEC likely won't approve a bitcoin ETF until the cryptocurrency's market cap reaches $2,000,000,000,000.  @realDannyNelson reports   https://t.co/CztDRxAMZG",en,"[{'screen_name': 'realdannynelson', 'name': 'danny nelson', 'id': '799069847254683648'}]",['https://trib.al/OHUWf1q'],[],153,251,1237,[],[],https://twitter.com/CoinDesk/status/1354218394078375936,False,,0,,,,,,,,[],,,,
1354214670199099392,1354214670199099392,2021-01-26 18:48:32 EST,2021-01-26,18:48:32,-0500,1337780902680809474,documentingbtc,Documenting Bitcoin üìÑ,,"r/WallStreetBets and r/Bitcoin are on the same team, they just don't know it",en,[],[],[],46,202,2186,[],[],https://twitter.com/DocumentingBTC/status/1354214670199099392,False,,0,,,,,,,,[],,,,
1354198900039577600,1354198900039577600,2021-01-26 17:45:52 EST,2021-01-26,17:45:52,-0500,914061,levie,Aaron Levie,,Bitcoin is so 2020. GameStop is the new store of value.,en,[],[],[],174,606,7838,[],[],https://twitter.com/levie/status/1354198900039577600,False,,0,,,,,,,,[],,,,
1354195437520084992,1354195437520084992,2021-01-26 17:32:06 EST,2021-01-26,17:32:06,-0500,27676828,patrickmchenry,Patrick McHenry,,"‚úÖ  https://t.co/JM7iqzWqiC   Policymakers should be on the side of innovation and ingenuity, which are vital to American competitiveness. I hope others in US govt join me. #Bitcoin",en,[],['https://mchenry.house.gov/bitcoin.pdf'],[],145,441,1962,['bitcoin'],[],https://twitter.com/PatrickMcHenry/status/1354195437520084992,False,,0,,,,,,,,[],,,,
1354194882957615110,1354194882957615110,2021-01-26 17:29:54 EST,2021-01-26,17:29:54,-0500,24222556,tyler,Tyler Winklevoss,,"If I was the CEO of GameStop $GME, the next move would be to purchase #Bitcoin and put it on the balance sheet.",en,[],[],[],670,1177,13841,['bitcoin'],['gme'],https://twitter.com/tyler/status/1354194882957615110,False,,0,,,,,,,,[],,,,
1354191022633480194,1354191022633480194,2021-01-26 17:14:34 EST,2021-01-26,17:14:34,-0500,2516844961,yassineark,Yassine Elmandjra,,"A sensible allocation into bitcoin by institutions would have a $500,000 impact on price.  Consider the opportunity cost of ignoring this.  https://t.co/n3JxgBpMTp",en,[],[],['https://pbs.twimg.com/media/EsrRT5ZW4AkisDQ.jpg'],21,222,904,[],[],https://twitter.com/yassineARK/status/1354191022633480194,False,,1,https://pbs.twimg.com/media/EsrRT5ZW4AkisDQ.jpg,,,,,,,[],,,,
1354148766983585793,1354148766983585793,2021-01-26 14:26:39 EST,2021-01-26,14:26:39,-0500,244647486,saylor,Michael Saylor‚ö°Ô∏è,,"After Massive #Bitcoin Price Boom, Here‚Äôs Why February Could Be Very Big For Bitcoin  https://t.co/xrX4Cyo3Dv",en,[],['https://www.forbes.com/sites/billybambrough/2021/01/24/after-massive-bitcoin-price-boom-heres-why-february-could-be-very-big-for-bitcoin/'],[],258,1233,5768,['bitcoin'],[],https://twitter.com/saylor/status/1354148766983585793,False,,0,,,,,,,,[],,,,
1354135653366161408,1354135653366161408,2021-01-26 13:34:33 EST,2021-01-26,13:34:33,-0500,4137926120,cryptanzee,CryptoChimp,,Everytime bitcoin dumps  https://t.co/V5wziS7mmO,en,[],[],[],142,663,3016,[],[],https://twitter.com/Cryptanzee/status/1354135653366161408,False,,1,https://pbs.twimg.com/ext_tw_video_thumb/1354135612954079232/pu/img/8xJu5S2dNUEf2Mcj.jpg,,,,,,,[],,,,
1354135295483121665,1354135295483121665,2021-01-26 13:33:07 EST,2021-01-26,13:33:07,-0500,876672675233632261,macguyvertech01,MacguyverTech,,$300 #Continuum Avalanche #Giveaway #2  Rules _&gt; Follow   @girlgeniusxv @Continuum3000  Ends in 48 hours  Payment in #Bitcoin / #cash  North American Bitcoin Conference  https://t.co/izH1Fk5zqG  Plus a second prize $250 for registering promocode:   #Continuum  ( 40% the tickets )  https://t.co/1X4dzG3CVW,en,"[{'screen_name': 'girlgeniusxv', 'name': 'kristina bruhahn', 'id': '1055967280364904449'}, {'screen_name': 'continuum3000', 'name': 'continuum market', 'id': '1352571058289733632'}]",['https://www.btcmiami.com/'],['https://pbs.twimg.com/media/EsrazTFXYAAWdr1.jpg'],406,759,517,"['continuum', 'giveaway', 'bitcoin', 'cash', 'continuum']",[],https://twitter.com/MacguyverTech01/status/1354135295483121665,False,,1,https://pbs.twimg.com/media/EsrazTFXYAAWdr1.jpg,,,,,,,[],,,,
1354131144409817089,1354131144409817089,2021-01-26 13:16:38 EST,2021-01-26,13:16:38,-0500,1337780902680809474,documentingbtc,Documenting Bitcoin üìÑ,,The Republic of Estonia is now the first country to host the #Bitcoin whitepaper on their official website.   https://t.co/Jj4yQ47qEI  https://t.co/jBDo5Ycjkx,en,[],['https://e-resident.gov.ee/bitcoin-whitepaper/'],['https://pbs.twimg.com/media/EsrW0ngXcAYwtdq.jpg'],74,759,3543,['bitcoin'],[],https://twitter.com/DocumentingBTC/status/1354131144409817089,False,,1,https://pbs.twimg.com/media/EsrW0ngXcAYwtdq.jpg,,,,,,,[],,,,
1354127555318657025,1354127555318657025,2021-01-26 13:02:22 EST,2021-01-26,13:02:22,-0500,14717442,xentagz,Dennis Parker,,#Bitcoin Advocate Chamath Palihapitiya is Running for California Governor  https://t.co/QXsuDVwtNE,en,[],['https://decrypt.co/55490/bitcoin-advocate-chamath-palihapitiya-is-running-for-california-governor?utm_source=reddit&utm_medium=social&utm_campaign=sm'],[],62,244,1953,['bitcoin'],[],https://twitter.com/Xentagz/status/1354127555318657025,False,,0,,,,,,,,[],,,,
1354121232908775424,1354121232908775424,2021-01-26 12:37:14 EST,2021-01-26,12:37:14,-0500,1337780902680809474,documentingbtc,Documenting Bitcoin üìÑ,,The reddit 60/40 portfolio: 60% bitcoin 40% gamestop,en,[],[],[],31,182,1746,[],[],https://twitter.com/DocumentingBTC/status/1354121232908775424,False,,0,,,,,,,,[],,,,
1354116825345257473,1354116825345257473,2021-01-26 12:19:44 EST,2021-01-26,12:19:44,-0500,19721574,gladstein,Alex Gladstein üåã ‚ö°,,"My latest for @TIME:  In the fight against extremism, don't demonize mass surveillance-busting tools like Signal and Bitcoin.  If we sacrifice privacy to protect our democracy, we will end up with neither.   https://t.co/UJiNAqzvaF",en,"[{'screen_name': 'time', 'name': 'time', 'id': '14293310'}]",['https://time.com/5933380/signal-bitcoin-extremism-democracy/'],[],26,155,528,[],[],https://twitter.com/gladstein/status/1354116825345257473,False,,0,,,,,,,,[],,,,
1354114145961046016,1354114145961046016,2021-01-26 12:09:05 EST,2021-01-26,12:09:05,-0500,894339217412816896,pourteaux,Dennis,,"If China controls bitcoin or bitcoin mining, then why would this transaction have 543 confirmations?  https://t.co/fL3Dc1X0U6  https://t.co/lUYY55rigp",en,[],['https://blockstream.info/tx/dde50539d288783bc6d4ab2898f907a6d1fbd7fe301777ae9be92c2d40dd8558?expand'],['https://pbs.twimg.com/media/EsrHo4HXYAEjTdt.jpg'],25,147,951,[],[],https://twitter.com/pourteaux/status/1354114145961046016,False,,1,https://pbs.twimg.com/media/EsrHo4HXYAEjTdt.jpg,,,,,,,[],,,,
1354102671003668480,1354102671003668480,2021-01-26 11:23:29 EST,2021-01-26,11:23:29,-0500,2178012643,balajis,Balaji Srinivasan,,üá™üá™ Estonia wins! Is it the first state in the world to post the Bitcoin whitepaper at a .gov URL?  Everyone should try getting the whitepaper up on the .gov domain of their city or country. A first step towards a technologically progressive jurisdiction.  https://t.co/OEhVhHIOHK,en,[],['https://e-resident.gov.ee/wp-content/uploads/2021/01/bitcoin.pdf'],[],31,174,1143,[],[],https://twitter.com/balajis/status/1354102671003668480,False,https://twitter.com/seikatsu/status/1354101270047580160,0,,,,,,,,[],,,,
1354087983528484868,1354087983528484868,2021-01-26 10:25:07 EST,2021-01-26,10:25:07,-0500,14883246,microstrategy,MicroStrategy,,"We're excited to announce that @coinbase Head of Institutional Sales, Trading, Custody, and Prime Services, Brett Tejpaul, is joining us to speak at the groundbreaking #Bitcoin for Corporations event on Feb 3/4.  Register today.  https://t.co/LzvoUQeORO  https://t.co/5On1WlFCJ9",en,"[{'screen_name': 'coinbase', 'name': 'coinbase', 'id': '574032254'}]",['http://ow.ly/xZHw50DdIZJ'],['https://pbs.twimg.com/media/Esqv2FUXYAAjCJb.jpg'],30,203,1372,['bitcoin'],[],https://twitter.com/MicroStrategy/status/1354087983528484868,False,,1,https://pbs.twimg.com/media/Esqv2FUXYAAjCJb.jpg,,,,,,,[],,,,
1354070611027496962,1354070611027496962,2021-01-26 09:16:05 EST,2021-01-26,09:16:05,-0500,339061487,apompliano,Pomp üå™,,2021 is already off to a fast start:  Reddit users are blowing up hedge funds. Chamath is going to be California governor. Bitcoin hit new all-time high. $2+ trillion is about to be printed. Nobody can figure out how to roll out vaccines. And Tom Brady is back in the Super Bowl.,en,[],[],[],89,263,2610,[],[],https://twitter.com/APompliano/status/1354070611027496962,False,,0,,,,,,,,[],,,,
1354064006420586496,1354064006420586496,2021-01-26 08:49:51 EST,2021-01-26,08:49:51,-0500,1457305928,marenaltman,MAREN,,still bitter that at 11 years old i did not buy bitcoin,en,[],[],[],39,192,1976,[],[],https://twitter.com/marenaltman/status/1354064006420586496,False,,0,,,,,,,,[],,,,
1354062120896356352,1354062120896356352,2021-01-26 08:42:21 EST,2021-01-26,08:42:21,-0500,710833317,oye440,Tolib Ademola 440 Ó®Ä,,Who do you sell your bitcoin to?  Are they buying at ur rate?  Or do you still sell to them at the old dollar rate which was at 450/$?? Lets trade with u at d best rate  Bring all ur bulk #Bitcoin¬† and Gift cards  Twitter @Albastore001 WhatsApp üëáüèø  https://t.co/Y4sRiTes7n  https://t.co/fIwq7D5PYQ,en,"[{'screen_name': 'albastore001', 'name': 'ayoü§úüèºü§õüèø', 'id': '1353713941793431552'}]",['https://wa.me/+2349030521901'],"['https://pbs.twimg.com/media/EsqYUZcXEAAF3Qc.jpg', 'https://pbs.twimg.com/media/EsqYUZgXYAEAtAK.jpg']",11,115,141,['bitcoin'],[],https://twitter.com/Oye440/status/1354062120896356352,False,,1,https://pbs.twimg.com/media/EsqYUZcXEAAF3Qc.jpg,,,,,,,[],,,,
1354035432552607745,1354035432552607745,2021-01-26 06:56:18 EST,2021-01-26,06:56:18,-0500,970994516357472257,btc_archive,Bitcoin Archive üóÑüöÄüåî,,Peter Schiff: You can‚Äôt buy anything with #Bitcoin.   Also Peter Schiff üëáüëáüëá  https://t.co/eBd49qVsF6,en,[],[],['https://pbs.twimg.com/media/EsqADAzXAAUtb92.jpg'],122,237,1633,['bitcoin'],[],https://twitter.com/BTC_Archive/status/1354035432552607745,False,,1,https://pbs.twimg.com/media/EsqADAzXAAUtb92.jpg,,,,,,,[],,,,
1353930147993423872,1353930147993423872,2021-01-25 23:57:56 EST,2021-01-25,23:57:56,-0500,94844786,karlousm,Church Socks,,Y‚Äôall trying to get these Harriet Tubmans? I want some bitcoin my damn self.,en,[],[],[],12,165,915,[],[],https://twitter.com/KarlousM/status/1353930147993423872,False,,0,,,,,,,,[],,,,
1353922002265010178,1353922002265010178,2021-01-25 23:25:34 EST,2021-01-25,23:25:34,-0500,930809585832812545,nodedpodcast,Noded Bitcoin Podcast,,"Noded's hosts @bitstein and @pierre_rochard talked with @Scaramucci today about #Bitcoin, geopolitics, and the financial system.    https://t.co/AZC5p8Q30l  Listen, share, and subscribe!  We got a scoop about what may influence Treasury under Biden üëá  https://t.co/hviJcVAZNh",en,"[{'screen_name': 'bitstein', 'name': 'bitstein', 'id': '820282353436200960'}, {'screen_name': 'pierre_rochard', 'name': 'pierre rochard', 'id': '1387786133216579587'}, {'screen_name': 'scaramucci', 'name': 'anthony scaramucci', 'id': '24578794'}]",['https://soundcloud.com/noded-bitcoin-podcast/noded-77-with-anthony-scaramucci'],[],54,191,767,['bitcoin'],[],https://twitter.com/NodedPodcast/status/1353922002265010178,False,,1,https://pbs.twimg.com/ext_tw_video_thumb/1353921118294441986/pu/img/56-SXKP2qMl34ctr.jpg,,,,,,,[],,,,
1353865771332423680,1353865771332423680,2021-01-25 19:42:08 EST,2021-01-25,19:42:08,-0500,1626294277,spectatorindex,The Spectator Index,,"Bitcoin price.  12th December: $18,100  19th December: $23,000  26th of December: $24,000  2nd January: $29,600  9th January: $41,500  16th January: $36,700  23rd January: $32,900  Now: $32,500",en,[],[],[],52,277,1757,[],[],https://twitter.com/spectatorindex/status/1353865771332423680,False,,0,,,,,,,,[],,,,
1353865571230617600,1353865571230617600,2021-01-25 19:41:20 EST,2021-01-25,19:41:20,-0500,989188768992243712,elliefrost,Ellie Frost ‚ùÑÔ∏è,,"Oct 2020: Square got their ~4,700 Bitcoin for $50M  Jan 2021: Marathon got their ~4,800 Bitcoin for $150M  Don‚Äôt be late to the party.",en,[],[],[],50,259,2169,[],[],https://twitter.com/EllieFrost/status/1353865571230617600,False,,0,,,,,,,,[],,,,
1353859972929622017,1353859972929622017,2021-01-25 19:19:05 EST,2021-01-25,19:19:05,-0500,820252180796100608,bitcoinissaving,Bitcoin is Saving,,I still have not met a single #Bitcoin skeptic who actually understands Bitcoin.  They have all had *massive* gaps in their knowledge that led them to incorrect conclusions.  Very bullish.,en,[],[],[],164,319,2713,['bitcoin'],[],https://twitter.com/BitcoinIsSaving/status/1353859972929622017,False,,0,,,,,,,,[],,,,
1353830895552241664,1353830895552241664,2021-01-25 17:23:33 EST,2021-01-25,17:23:33,-0500,1333467482,coindesk,CoinDesk,,ARK Investment CEO Cathie Wood says more tech companies will invest in bitcoin as an inflation hedge.  @realDannyNelson reports   https://t.co/gK7ymQ78si,en,"[{'screen_name': 'realdannynelson', 'name': 'danny nelson', 'id': '799069847254683648'}]",['https://trib.al/IDfEv6l'],[],30,224,951,[],[],https://twitter.com/CoinDesk/status/1353830895552241664,False,,0,,,,,,,,[],,,,
1353825726781296642,1353825726781296642,2021-01-25 17:03:00 EST,2021-01-25,17:03:00,-0500,1598709350,danheld,Dan Held,,"Whoa. University endowments are now buying #Bitcoin!  ""Harvard, Yale, Brown and the University of Michigan as well as several other colleges have been buying crypto directly on exchanges.""  https://t.co/faH4jBeptc",en,[],[],['https://pbs.twimg.com/media/EsnBSxQVEAUgmAA.jpg'],50,347,1549,['bitcoin'],[],https://twitter.com/danheld/status/1353825726781296642,False,,1,https://pbs.twimg.com/media/EsnBSxQVEAUgmAA.jpg,,,,,,,[],,,,
1353824588900298752,1353824588900298752,2021-01-25 16:58:29 EST,2021-01-25,16:58:29,-0500,339061487,apompliano,Pomp üå™,,"Harvard, Yale, Brown, and others buying Bitcoin directly.  Eventually every endowment will have exposure.    https://t.co/qdBgM5pFVG",en,[],['https://www.coindesk.com/harvard-yale-brown-endowments-have-been-buying-bitcoin-for-at-least-a-year-sources'],[],64,310,1566,[],[],https://twitter.com/APompliano/status/1353824588900298752,False,,0,,,,,,,,[],,,,
1353823402193248257,1353823402193248257,2021-01-25 16:53:46 EST,2021-01-25,16:53:46,-0500,1337780902680809474,documentingbtc,Documenting Bitcoin üìÑ,,"Harvard, Yale and Brown, and the University of Michigan endowment funds have been quietly buying #Bitcoin this entire year. Gradually then suddenly.   https://t.co/U01ADlb6O5",en,[],['https://www.coindesk.com/harvard-yale-brown-endowments-have-been-buying-bitcoin-for-at-least-a-year-sources'],[],22,215,1180,['bitcoin'],[],https://twitter.com/DocumentingBTC/status/1353823402193248257,False,,0,,,,,,,,[],,,,
1353820883379433473,1353820883379433473,2021-01-25 16:43:46 EST,2021-01-25,16:43:46,-0500,339061487,apompliano,Pomp üå™,,Reddit users short squeezing Wall Street short sellers after Reddit users outperformed Wall Street hedge funds by simply holding Bitcoin for the last 5 years is exactly why I love the internet.,en,[],[],[],70,391,4460,[],[],https://twitter.com/APompliano/status/1353820883379433473,False,,0,,,,,,,,[],,,,
1353818694061862914,1353818694061862914,2021-01-25 16:35:04 EST,2021-01-25,16:35:04,-0500,1333467482,coindesk,CoinDesk,,"SCOOP: The endowment funds of Harvard, Yale, Brown and UMich have been quietly buying #bitcoin through Coinbase and other exchanges, CoinDesk has learned.  @IanAllison123 reports   https://t.co/3oHhCqAXzT",en,"[{'screen_name': 'ianallison123', 'name': 'ian allison', 'id': '3351838901'}]",['https://trib.al/id3LYQ1'],[],140,900,2545,['bitcoin'],[],https://twitter.com/CoinDesk/status/1353818694061862914,False,,0,,,,,,,,[],,,,
1353804558791811073,1353804558791811073,2021-01-25 15:38:53 EST,2021-01-25,15:38:53,-0500,339061487,apompliano,Pomp üå™,,"Marathon Patent Group Inc, a publicly traded NASDAQ company, has converted $150 million of their balance sheet into Bitcoin.  Every public company is going to do it. Just a matter of time üî•   https://t.co/xLHdEk6B6t",en,[],['https://ir.marathonpg.com/press-releases/detail/1224/marathon-invests-150-million-in-bitcoin'],[],58,300,2006,[],[],https://twitter.com/APompliano/status/1353804558791811073,False,,0,,,,,,,,[],,,,
1353803612636516354,1353803612636516354,2021-01-25 15:35:08 EST,2021-01-25,15:35:08,-0500,1293878938540933122,mrktmeditations,Market Meditations,,"BREAKING: Rothschild Investment Corporation (leading global financial institution) reveals it holds 30,454 shares of Grayscales #bitcoin¬† trust, which now has over $20 billion in assets under management.",en,[],[],[],51,375,1723,['bitcoin'],[],https://twitter.com/MrktMeditations/status/1353803612636516354,False,,0,,,,,,,,[],,,,
1353796203662589958,1353753006156763142,2021-01-25 15:05:41 EST,2021-01-25,15:05:41,-0500,13418472,woonomic,Willy Woo,,"@PeterSchiff This is true, gold is really useful.   Gold‚Äôs highest utility is in internal connections of chipsets, used to secure Bitcoin‚Äôs network, which routes digital value across the Internet.  I mean it‚Äôll just be Bitcoin that keeps gold useful in the future ;)",en,[],[],[],105,255,4154,[],[],https://twitter.com/woonomic/status/1353796203662589958,False,,0,,,,,,,,"[{'screen_name': 'PeterSchiff', 'name': 'Peter Schiff', 'id': '56562803'}]",,,,
1353785988473114630,1353785988473114630,2021-01-25 14:25:06 EST,2021-01-25,14:25:06,-0500,14883246,microstrategy,MicroStrategy,,"We're excited to announce that @Grayscale CEO, Michael Sonnenshein, is joining us to speak at the groundbreaking #Bitcoin for Corporations event on Feb 3/4.  Register today.  https://t.co/wj2YALVTOB  https://t.co/Ztma2uWyoa",en,"[{'screen_name': 'grayscale', 'name': 'grayscale', 'id': '2800345565'}]",['http://ow.ly/85zi50DdJbY'],['https://pbs.twimg.com/media/EsmdLrkXcAIBHuM.jpg'],86,507,3250,['bitcoin'],[],https://twitter.com/MicroStrategy/status/1353785988473114630,False,,1,https://pbs.twimg.com/media/EsmdLrkXcAIBHuM.jpg,,,,,,,[],,,,
1353784759676235790,1353784759676235790,2021-01-25 14:20:13 EST,2021-01-25,14:20:13,-0500,1706517014,lobi_tech,ùï∞ùñìùñåùñó ùï∏ùñéùñêùñäü™ê,,My pain is that this shit keeps happening and we can't do nothing because our hands are tied by civilization and laws...üòêüòîü§¶üèæ‚Äç‚ôÇÔ∏è #EndSARS  #RevolutionNow  #Bitcoin  https://t.co/HV3uowejBC,en,[],[],[],33,641,815,"['endsars', 'revolutionnow', 'bitcoin']",[],https://twitter.com/Lobi_Tech/status/1353784759676235790,False,,1,https://pbs.twimg.com/ext_tw_video_thumb/1353784541908004864/pu/img/jTYIuOPxf5n27ZJk.jpg,,,,,,,[],,,,
1353773552172937218,1353773552172937218,2021-01-25 13:35:41 EST,2021-01-25,13:35:41,-0500,976884195632001027,digitalassets,Fidelity Digital Assets,,We are excited to participate in the @MicroStrategy Bitcoin for Corporations presentations on February 4th at 12pm EST. Register now to learn more about what corporations need to address as they develop and implement their bitcoin strategy.   https://t.co/sIgdaxSB6I,en,"[{'screen_name': 'microstrategy', 'name': 'microstrategy', 'id': '14883246'}]",['https://www.microstrategy.com/en/resources/events/world-2021/bitcoin-summit'],[],35,385,1997,[],[],https://twitter.com/DigitalAssets/status/1353773552172937218,False,,0,,,,,,,,[],,,,
1353764128310046720,1353764128310046720,2021-01-25 12:58:14 EST,2021-01-25,12:58:14,-0500,250980843,cameron,Cameron Winklevoss,,Talking Head: #Bitcoin is just too volatile. I prefer equities.  Reality: GameStop $GME day's rage so far is $61 to $159.,en,[],[],[],86,139,1704,['bitcoin'],['gme'],https://twitter.com/cameron/status/1353764128310046720,False,,0,,,,,,,,[],,,,
1353750789865365504,1353750789865365504,2021-01-25 12:05:14 EST,2021-01-25,12:05:14,-0500,95066790,real_vijay,Vijay Boyapati,,"As #Bitcoin begins to make capital movement much freer, people are going to start thinking much more like global citizens rather than being tied to their nation of birth.   Nations with the friendliest policies toward Bitcoin will attract the most capital and talent.",en,[],[],[],42,166,983,['bitcoin'],[],https://twitter.com/real_vijay/status/1353750789865365504,False,,0,,,,,,,,[],,,,
1353745726807941120,1353745726807941120,2021-01-25 11:45:07 EST,2021-01-25,11:45:07,-0500,250980843,cameron,Cameron Winklevoss,,Inflation robs you of your life's work. The Argentine peso has lost 50% of its value against USD in the past 3 years. And that's saying a lot given the current state of the U.S. dollar. No wonder search interest in #Bitcoin is going through the roof.    https://t.co/X6KAKKaU6r,en,[],['https://decrypt.co/55307/google-searches-for-bitcoin-are-skyrocketing-in-argentina'],[],56,261,1215,['bitcoin'],[],https://twitter.com/cameron/status/1353745726807941120,False,,0,,,,,,,,[],,,,
1353737183946043394,1353737183946043394,2021-01-25 11:11:10 EST,2021-01-25,11:11:10,-0500,1399148563,krakenfx,Kraken Exchange,,"Though only time will tell, the Stock-to-Flow model predicts that #bitcoin will reach a new ATH of more than $85K roughly one year after the May 2020 halving üìà  https://t.co/NqMt4GMr1X",en,[],[],['https://pbs.twimg.com/media/EslwyxiWMAEdt3n.jpg'],79,266,1544,['bitcoin'],[],https://twitter.com/krakenfx/status/1353737183946043394,False,,1,https://pbs.twimg.com/media/EslwyxiWMAEdt3n.jpg,,,,,,,[],,,,
1353735659354255360,1353735659354255360,2021-01-25 11:05:07 EST,2021-01-25,11:05:07,-0500,1033739483609481216,1crypticpoet,The Cryptic Poet üëë,,A lot of people called me stupid for buying during the bear market. ‚Ä¢ I bought Bitcoin at $4K ‚Ä¢ I bought ETH at $90 ‚Ä¢ I bought Chainlink at $2  ‚Ä¢ I bought XRP at $.14  Don't call me lucky...I've endured the insults; I've done my time.  Tip: Be greedy when others are fearful.,en,[],[],[],145,248,2904,[],[],https://twitter.com/1CrypticPoet/status/1353735659354255360,False,,0,,,,,,,,[],,,,
1353735357796331520,1353735357796331520,2021-01-25 11:03:55 EST,2021-01-25,11:03:55,-0500,1258037784474013696,therealchisom_,The Real Chisom,,"If you are a proud memer,  Retweet and comment what frame made u laugh  Unilag | Ahmed Musa | Lampard | Arewa twitter | #Bitcoin  https://t.co/zO8h5zyzHa",en,[],[],"['https://pbs.twimg.com/media/EslvEfiXcAEt-K6.jpg', 'https://pbs.twimg.com/media/EslvHY6W8AAzWzh.jpg', 'https://pbs.twimg.com/media/EslvIAaXUAABW1m.jpg', 'https://pbs.twimg.com/media/EslvIZmXUAIppTP.jpg']",38,220,415,['bitcoin'],[],https://twitter.com/therealchisom_/status/1353735357796331520,False,,1,https://pbs.twimg.com/media/EslvEfiXcAEt-K6.jpg,,,,,,,[],,,,
1353735153143705600,1353735153143705600,2021-01-25 11:03:06 EST,2021-01-25,11:03:06,-0500,1295526279194828800,parikpatelcfa,"Dr. Parik Patel, BA, CFA, ACCA Esq. üí∏",,The real reason that Gamestop is up today is because investors are rotating out of risk-assets like Bitcoin into safe-haven brick-and-mortar companies.,en,[],[],[],304,329,4954,[],[],https://twitter.com/ParikPatelCFA/status/1353735153143705600,False,,0,,,,,,,,[],,,,
1353733838980177920,1353733838980177920,2021-01-25 10:57:53 EST,2021-01-25,10:57:53,-0500,14096763,thestalwart,Joe Weisenthal,,1-year chart of Bitcoin vs. Gamestop percentage gains  https://t.co/OIx5VkUpF6,en,[],[],['https://pbs.twimg.com/media/Eslttt9XEAAydBO.jpg'],82,177,1550,[],[],https://twitter.com/TheStalwart/status/1353733838980177920,False,,1,https://pbs.twimg.com/media/Eslttt9XEAAydBO.jpg,,,,,,,[],,,,
1353732893483397122,1353732893483397122,2021-01-25 10:54:07 EST,2021-01-25,10:54:07,-0500,24222556,tyler,Tyler Winklevoss,,"Nice, #Bitcoin has climbed above 34k while you were sleeping. If you haven't heard already, it's still alive",en,[],[],[],153,185,2835,['bitcoin'],[],https://twitter.com/tyler/status/1353732893483397122,False,,0,,,,,,,,[],,,,
1353731689181294605,1353731689181294605,2021-01-25 10:49:20 EST,2021-01-25,10:49:20,-0500,1457305928,marenaltman,MAREN,,bitcoin was really born with a capricorn sun/mars/pluto/jupiter and an aries moon and some of you still doubt its power,en,[],[],[],63,227,3388,[],[],https://twitter.com/marenaltman/status/1353731689181294605,False,,0,,,,,,,,[],,,,
1353729848238338055,1353729848238338055,2021-01-25 10:42:01 EST,2021-01-25,10:42:01,-0500,16461706,jeffbooth,Jeff Booth,,The only people who could have possibly believed an economy can grow forever are in control of money (and able to create more of it out of thin air) Now - they/we are stuck with no good options.  Learn about Bitcoin. It is important.,en,[],[],[],29,134,923,[],[],https://twitter.com/JeffBooth/status/1353729848238338055,False,,0,,,,,,,,[],,,,
1353723148043243527,1353723148043243527,2021-01-25 10:15:24 EST,2021-01-25,10:15:24,-0500,1337780902680809474,documentingbtc,Documenting Bitcoin üìÑ,,"Google searches of ""Bitcoin"" already at all-time highs in:  https://t.co/RPTQxihyd1",en,[],[],"['https://pbs.twimg.com/media/EsljFxUXUAAIAWH.png', 'https://pbs.twimg.com/media/EsljHYWXAAIfotW.png', 'https://pbs.twimg.com/media/EsljqtjXcAEQw9k.png', 'https://pbs.twimg.com/media/Eslj8aXXIAEv5ca.png']",68,334,1663,[],[],https://twitter.com/DocumentingBTC/status/1353723148043243527,False,,1,https://pbs.twimg.com/media/EsljFxUXUAAIAWH.png,,,,,,,[],,,,
1353719469437317122,1353719469437317122,2021-01-25 10:00:47 EST,2021-01-25,10:00:47,-0500,1598709350,danheld,Dan Held,,"Based on previous cycles, we have another 250+ days to go until we reach the top of the #Bitcoin bull run!  Fall 2021 will be wild üöÄ  https://t.co/9MtziGWWI2",en,[],[],['https://pbs.twimg.com/media/EslgrxkW8AMDGzs.jpg'],77,351,1749,['bitcoin'],[],https://twitter.com/danheld/status/1353719469437317122,False,,1,https://pbs.twimg.com/media/EslgrxkW8AMDGzs.jpg,,,,,,,[],,,,
1353705185630105601,1353705185630105601,2021-01-25 09:04:01 EST,2021-01-25,09:04:01,-0500,244647486,saylor,Michael Saylor‚ö°Ô∏è,,"""We also believe that holding part of our Treasury reserves in #Bitcoin will be a better long-term strategy than holding US Dollars, similar to other forward-thinking companies like @MicroStrategy,‚Äù said Merrick Okamoto",en,"[{'screen_name': 'microstrategy', 'name': 'microstrategy', 'id': '14883246'}]",[],[],118,583,3937,['bitcoin'],[],https://twitter.com/saylor/status/1353705185630105601,False,https://twitter.com/CoinDesk/status/1353689684921249793,0,,,,,,,,[],,,,
1353704603368517633,1353704603368517633,2021-01-25 09:01:42 EST,2021-01-25,09:01:42,-0500,244647486,saylor,Michael Saylor‚ö°Ô∏è,,"Marathon Patent Group, Inc. (NASDAQ:MARA) (""Marathon"") today announced that it has purchased 4,812.66 BTC in an aggregate purchase price of $150 million via @NYDIG_BTC.   Another public company adopts #Bitcoin as a treasury reserve asset.    https://t.co/acwghygNxC",en,"[{'screen_name': 'nydig_btc', 'name': 'nydig', 'id': '1349478596591681536'}]",['https://ir.marathonpg.com/press-releases/detail/1224/marathon-invests-150-million-in-bitcoin'],[],283,1933,9142,['bitcoin'],[],https://twitter.com/saylor/status/1353704603368517633,False,,0,,,,,,,,[],,,,
1353704340901556224,1353704340901556224,2021-01-25 09:00:40 EST,2021-01-25,09:00:40,-0500,1598709350,danheld,Dan Held,,By owning Bitcoin you're part of the biggest revolution in human history.,en,[],[],[],59,309,2380,[],[],https://twitter.com/danheld/status/1353704340901556224,False,,0,,,,,,,,[],,,,
1353701086645735424,1353701086645735424,2021-01-25 08:47:44 EST,2021-01-25,08:47:44,-0500,902926941413453824,cz_binance,CZ üî∂ Binance,,"Another 4,812 #BTC gone into long term corporate treasury reserves.   ¬ª Marathon Buys $150 Million Bitcoin with Treasury Reserves ‚Äì Trustnodes  https://t.co/T34w8BwlgA",en,[],['https://www.trustnodes.com/2021/01/25/marathon-buys-150-million-bitcoin-with-treasury-reserves'],[],90,387,2027,['btc'],[],https://twitter.com/cz_binance/status/1353701086645735424,False,,0,,,,,,,,[],,,,
1353700343218114562,1353700343218114562,2021-01-25 08:44:47 EST,2021-01-25,08:44:47,-0500,250980843,cameron,Cameron Winklevoss,,And anotha one. Publicly-listed company buys $150mm in #Bitcoin for its treasury.    https://t.co/oKI75RzfhJ,en,[],['https://www.theblockcrypto.com/post/92378/nasdaq-marathon-patent-group-buys-bitcoin-btc-treasury-reserves'],[],75,406,2493,['bitcoin'],[],https://twitter.com/cameron/status/1353700343218114562,False,,0,,,,,,,,[],,,,
1353689684921249793,1353689684921249793,2021-01-25 08:02:25 EST,2021-01-25,08:02:25,-0500,1333467482,coindesk,CoinDesk,,"NEW: Bitcoin miner Marathon Patent Group ($mara) bought the dip: 4,812 #BTC for $150 million.   @realDannyNelson reports  https://t.co/FxHZF7FR5M",en,"[{'screen_name': 'realdannynelson', 'name': 'danny nelson', 'id': '799069847254683648'}]",['https://trib.al/ygDkJF1'],[],34,265,1099,['btc'],[],https://twitter.com/CoinDesk/status/1353689684921249793,False,,0,,,,,,,,[],,,,
1353689477454163968,1353689477454163968,2021-01-25 08:01:36 EST,2021-01-25,08:01:36,-0500,1337780902680809474,documentingbtc,Documenting Bitcoin üìÑ,,"""Please sell us your bitcoin""  https://t.co/i2plCvHPm2",en,[],[],"['https://pbs.twimg.com/media/EslFZy3XAAMBi6h.jpg', 'https://pbs.twimg.com/media/EslFZ-cXEAMF2dL.jpg']",102,381,2473,[],[],https://twitter.com/DocumentingBTC/status/1353689477454163968,False,,1,https://pbs.twimg.com/media/EslFZy3XAAMBi6h.jpg,,,,,,,[],,,,
1353687432659689473,1353687432659689473,2021-01-25 07:53:28 EST,2021-01-25,07:53:28,-0500,20374262,maxkeiser,BITCOIN AMBASSADOR üá∏üáª,,"A few things regulators can‚Äôt regulate   - p2p file-swapping  - encryption  - 3D printing  - #Bitcoin   Instead of wasting time trying to regulate, spend time preparing people for decentralized, unconfiscatable, censor-proof money.   Nevermind... We‚Äôll do it ourselves.   HFSP",en,[],[],[],21,191,1016,['bitcoin'],[],https://twitter.com/maxkeiser/status/1353687432659689473,False,,0,,,,,,,,[],,,,
1353685480928387077,1353685480928387077,2021-01-25 07:45:43 EST,2021-01-25,07:45:43,-0500,1337780902680809474,documentingbtc,Documenting Bitcoin üìÑ,,.        üíµ .        üíµ          üíµ          üíµ          üíµ          üíµ          üíµ          üíµ                 üíµ                        üíµ          üíµ                        üíµ Dollars Printed        Bitcoin     Last Year          Market Cap       $2.9T                   $0.62T,en,[],[],[],23,248,1429,[],[],https://twitter.com/DocumentingBTC/status/1353685480928387077,False,,0,,,,,,,,[],,,,
1353669203023306752,1353669203023306752,2021-01-25 06:41:02 EST,2021-01-25,06:41:02,-0500,1279791176896393221,elevationtoday,Elevation News Today,,"Fulani herdsmen have been equipped with guns and other amunitions, they move about as they like and security agents don't question them. Watch this!  #RevolutionNow Arewa Twitter #Bitcoin #SuccessForKiddrica #WearAMask #Fulani IPOB #AttackOnTitan #MiyettiAllah Godzilla #EndSARS  https://t.co/hEPcI0wbYA",en,[],[],[],83,457,455,"['revolutionnow', 'bitcoin', 'successforkiddrica', 'wearamask', 'fulani', 'attackontitan', 'miyettiallah', 'endsars']",[],https://twitter.com/ElevationToday/status/1353669203023306752,False,,1,https://pbs.twimg.com/ext_tw_video_thumb/1353668091981533184/pu/img/X-4r0v4xTlXJ6DzI.jpg,,,,,,,[],,,,
1353629757364178945,1353629757364178945,2021-01-25 04:04:18 EST,2021-01-25,04:04:18,-0500,422409495,pitharoy,Peter Ogunsona,,"#HerdsMen: Buhari is the worldwide patron of Fulani and he is from Niger Republic, he told us when we were serving under him.   Miyetti Allah #Bitcoin Kiddwaya #RevolutionNow Demide Amen #MondayMotivation #mondaythoughts TACHA FC  https://t.co/ieKGX3ln90",en,[],[],[],47,447,604,"['herdsmen', 'bitcoin', 'revolutionnow', 'mondaymotivation', 'mondaythoughts']",[],https://twitter.com/pitharoy/status/1353629757364178945,False,,1,https://pbs.twimg.com/ext_tw_video_thumb/1353629429025665025/pu/img/1BuABv9MzbpbTTiO.jpg,,,,,,,[],,,,
1353613414116028418,1353613414116028418,2021-01-25 02:59:21 EST,2021-01-25,02:59:21,-0500,1148246987675963392,bluzezs,Bluzezs üíÄ,,"NEWEST SLIDES NOW AVAILABLE   Sizes: 40 - 45  Frame 1 &amp; 2: N18,000 Frame 3: N19,000 Frame 4: N17,000  To order  ‚Äî‚Äî‚Äî‚Äî‚Äî- Send a dm  Call/WhatsApp - 09090505064 ‚Äî‚Äî‚Äî‚Äî‚Äî-  #Bitcoin | Kiddwaya | Ole Gunnar Solskjaer | Suarez | Miyetti Allah | Ahmed Musa | No stress  https://t.co/ok8AkSLyAv",en,[],[],"['https://pbs.twimg.com/media/EskANenXMAEFl3G.jpg', 'https://pbs.twimg.com/media/EskANeoXYAEPpoX.jpg', 'https://pbs.twimg.com/media/EskANenXYAERnHd.jpg', 'https://pbs.twimg.com/media/EskANejXMAEh_qm.jpg']",17,124,228,['bitcoin'],[],https://twitter.com/Bluzezs/status/1353613414116028418,False,,1,https://pbs.twimg.com/media/EskANenXMAEFl3G.jpg,,,,,,,[],,,,
1353604676743094272,1353604676743094272,2021-01-25 02:24:38 EST,2021-01-25,02:24:38,-0500,1279791176896393221,elevationtoday,Elevation News Today,,See how Fulani herdsmen are invading people's farms and cutting down their cassava. This video is an evidence.  Too Bad! üò≠üò≠  Miyetti Allah #Bitcoin Grace Ebira #RevolutionNow Anambra Benin #SuccessForKiddrica Transport #900kTwitteriCONs Hausas Forgiveness His Word #NSPPD  https://t.co/T7VfuGOZMl,en,[],[],[],24,317,285,"['bitcoin', 'revolutionnow', 'successforkiddrica', '900ktwittericons', 'nsppd']",[],https://twitter.com/ElevationToday/status/1353604676743094272,False,,1,https://pbs.twimg.com/ext_tw_video_thumb/1353603155121102850/pu/img/YhlJuQ9B6YZbLGS8.jpg,,,,,,,[],,,,
1353601775715164160,1353601775715164160,2021-01-25 02:13:06 EST,2021-01-25,02:13:06,-0500,1279791176896393221,elevationtoday,Elevation News Today,,"Fulani herdsmen attack travellers along Benin-Ore Road, damage vehicles and kidnap people into the bush. This is very bad! üò≠üò≠  Miyetti Allah #Bitcoin Grace Ebira #RevolutionNow Anambra Benin #SuccessForKiddrica Transport #900kTwitteriCONs Hausas Forgiveness His Word #NSPPD  https://t.co/6HM6cFA00u",en,[],[],[],156,1193,1260,"['bitcoin', 'revolutionnow', 'successforkiddrica', '900ktwittericons', 'nsppd']",[],https://twitter.com/ElevationToday/status/1353601775715164160,False,,1,https://pbs.twimg.com/ext_tw_video_thumb/1353601613655662597/pu/img/buo43X1GGWbj8cm8.jpg,,,,,,,[],,,,
1353597709421318144,1353597709421318144,2021-01-25 01:56:57 EST,2021-01-25,01:56:57,-0500,406921567,oapaynigeria,üéÖAY Nigeria üá≥üá¨ #SayNoToRape,,"I‚Äôm proud of Nigerian Youths. A lot of us are multi talented  What‚Äôs your skill, Trade or talent? Drop it, let‚Äôs promote ourselves. #Bitcoin  https://t.co/SshRvtN8Vk",en,[],[],['https://pbs.twimg.com/media/Esjx3rDXIAA7D58.jpg'],82,197,385,['bitcoin'],[],https://twitter.com/oapaynigeria/status/1353597709421318144,False,,1,https://pbs.twimg.com/media/Esjx3rDXIAA7D58.jpg,,,,,,,[],,,,
1353588772596834306,1353588772596834306,2021-01-25 01:21:26 EST,2021-01-25,01:21:26,-0500,1071032306436050950,iammicotaa,Only one Micotaa üá≥üá¨üåç,,"Don't be scared of what is ahead of you, you well definitely have to move towards it. all you need is the right information and the will to push further. There is always a future enough for everyone that i know, and #thefutureistech . Don,t doubt it, try it.   #Bitcoin  https://t.co/oc5vflg6BG",en,[],[],['https://pbs.twimg.com/media/EsjpzgnXUAMZzXC.jpg'],15,226,368,"['thefutureistech', 'bitcoin']",[],https://twitter.com/iamMicotaa/status/1353588772596834306,False,,1,https://pbs.twimg.com/media/EsjpzgnXUAMZzXC.jpg,,,,,,,[],,,,
1353584502724063232,1353584502724063232,2021-01-25 01:04:28 EST,2021-01-25,01:04:28,-0500,1148246987675963392,bluzezs,Bluzezs üíÄ,,"Frame 1: N27,000 Frame 2: N36,000 Frame 3: N27,000 Frame 4: N27,000  To order  ‚Äî‚Äî‚Äî‚Äî Send a Dm Call/WhatsApp - 09090505064 ‚Äî‚Äî‚Äî‚Äî  #Bitcoin | Drake | Martin Odegaard | Thiago | Dangote | My Gee | Email | #YaGunnersYa  https://t.co/Wyxdtjh5Qy",en,[],[],"['https://pbs.twimg.com/media/Esjl6h7XEAA57me.jpg', 'https://pbs.twimg.com/media/Esjl6h-XMAAMW2z.jpg', 'https://pbs.twimg.com/media/Esjl6h1XAAENTLk.jpg', 'https://pbs.twimg.com/media/Esjl6iAXYAE2ukI.jpg']",11,109,189,"['bitcoin', 'yagunnersya']",[],https://twitter.com/Bluzezs/status/1353584502724063232,False,,1,https://pbs.twimg.com/media/Esjl6h7XEAA57me.jpg,,,,,,,[],,,,
1353584408645816320,1353584408645816320,2021-01-25 01:04:06 EST,2021-01-25,01:04:06,-0500,1079275463556694016,daoolympus,OlympusDAO,,"Say hi on the on the comments section, let me DM you  I want to make new friends this week  Drake #Bitcoin Hausa  https://t.co/fFU26Tij0j",en,[],[],[],35,81,133,['bitcoin'],[],https://twitter.com/DaoOlympus/status/1353584408645816320,False,,1,https://pbs.twimg.com/ext_tw_video_thumb/1353583457339846657/pu/img/Y4xS81rtNKNbUyr0.jpg,,,,,,,[],,,,
1353579404035670016,1353579404035670016,2021-01-25 00:44:12 EST,2021-01-25,00:44:12,-0500,20884310,timdraper,Tim Draper,,This is the best interview on #Bitcoin I have seen. I would call it required viewing for anyone who would like to better understand what is going on.   https://t.co/BAOg06kq90,en,[],['https://www.youtube.com/watch?v=Awh-aKurN48'],[],61,311,1486,['bitcoin'],[],https://twitter.com/TimDraper/status/1353579404035670016,False,,0,,,,,,,,[],,,,
1353576918629691392,1353576918629691392,2021-01-25 00:34:20 EST,2021-01-25,00:34:20,-0500,904700529988820992,mmcrypto,MMCrypto,,You shouldn‚Äôt worry not having a girlfriend yet. Worry not owning any #Bitcoin!  https://t.co/qTX4X8MxRK,en,[],[],['https://pbs.twimg.com/media/EsjfB_SXYAAK3B-.jpg'],129,315,2206,['bitcoin'],[],https://twitter.com/MMCrypto/status/1353576918629691392,False,,1,https://pbs.twimg.com/media/EsjfB_SXYAAK3B-.jpg,,,,,,,[],,,,
1353556826495840256,1353556826495840256,2021-01-24 23:14:29 EST,2021-01-24,23:14:29,-0500,271578681,saylordotorg,Saylor Academy,,Retweet if you think our upcoming #Bitcoin for Everybody course with @stephanlivera would benefit from a kickoff series of live sessions with Stephan and some special guests.  Good idea? #financialliteracy  #ComingSoon  #FreeEducation  https://t.co/p4diTwcypc,en,"[{'screen_name': 'stephanlivera', 'name': 'stephan livera', 'id': '230517800'}]",[],['https://pbs.twimg.com/media/EsjLiUYW8AEZeiN.jpg'],21,192,406,"['bitcoin', 'financialliteracy', 'comingsoon', 'freeeducation']",[],https://twitter.com/saylordotorg/status/1353556826495840256,False,,1,https://pbs.twimg.com/media/EsjLiUYW8AEZeiN.jpg,,,,,,,[],,,,
1353533828262998016,1353533828262998016,2021-01-24 21:43:06 EST,2021-01-24,21:43:06,-0500,2453385626,raoulgmi,Raoul Pal,,"At this point and for a while, ETH leads, Alts season follows and bitcoin still explodes higher. Everyone wins. Enjoy and take on board the FUD with a open mind but remember, in an exponential bull market everyone wants to spook you out of your trade. It‚Äôs really not easy.",en,[],[],[],208,459,4387,[],[],https://twitter.com/RaoulGMI/status/1353533828262998016,False,,0,,,,,,,,[],,,,
1353527454909030402,1353527454909030402,2021-01-24 21:17:47 EST,2021-01-24,21:17:47,-0500,505383028,macguyvermedia,Steven McKeon (Mac),,$200 #Continuum #Avalanche #Giveaway #1  Rules _&gt; Follow   @girlgeniusxv @Continuum3000  Ends in 48 hours  Payment in #Bitcoin / #cash  More info on this great event here: North American Bitcoin Conference  https://t.co/vqm4DrTeiQ  https://t.co/OVoN5Qk9A1  #MacAttack  #payitforward  https://t.co/NFmXHOmuRz,en,"[{'screen_name': 'girlgeniusxv', 'name': 'kristina bruhahn', 'id': '1055967280364904449'}, {'screen_name': 'continuum3000', 'name': 'continuum market', 'id': '1352571058289733632'}]","['https://www.btcmiami.com/', 'https://youtu.be/f4FMQBZsOeM']",['https://pbs.twimg.com/media/Esihpu2XEAAFsow.jpg'],597,836,621,"['continuum', 'avalanche', 'giveaway', 'bitcoin', 'cash', 'macattack', 'payitforward']",[],https://twitter.com/macguyvermedia/status/1353527454909030402,False,,1,https://pbs.twimg.com/media/Esihpu2XEAAFsow.jpg,,,,,,,[],,,,
1353514220214743041,1353514220214743041,2021-01-24 20:25:11 EST,2021-01-24,20:25:11,-0500,337239968,inthepixels,Brian Cohen,,Ethereum $ETH was announced by @VitalikButerin on the #Bitcoin forum seven years ago today.  https://t.co/WOlwGI89Of,en,"[{'screen_name': 'vitalikbuterin', 'name': 'vitalik.eth', 'id': '295218901'}]",[],['https://pbs.twimg.com/media/Esil7uYWMAAr1YD.png'],23,193,1038,['bitcoin'],['eth'],https://twitter.com/inthepixels/status/1353514220214743041,False,,1,https://pbs.twimg.com/media/Esil7uYWMAAr1YD.png,,,,,,,[],,,,
1353482246980853760,1353482246980853760,2021-01-24 18:18:08 EST,2021-01-24,18:18:08,-0500,164425558,jonerlichman,Jon Erlichman,,Things that didn‚Äôt exist when Tom Brady played in his first Super Bowl:  iPhone Android Facebook  YouTube Gmail Instagram Tesla TikTok Spotify Skype Twitter Square LinkedIn Uber Zoom Airbnb Google Maps WhatsApp Bitcoin PayPal Dropbox Hashtags SpaceX Slack Reddit Fitbit GoPro iPad,en,[],[],[],42,378,1520,[],[],https://twitter.com/JonErlichman/status/1353482246980853760,False,,0,,,,,,,,[],,,,
1353480607234367488,1353480607234367488,2021-01-24 18:11:37 EST,2021-01-24,18:11:37,-0500,2856228978,secretsofcrypto,Secrets,,"We are now in Phase 2 of the Path to Altseason chart. $ETH #Ethereum has been outperforming Bitcoin for a month straight and is starting to go parabolic. In phase 1, I prepared for phase 2 &amp; 3. In phase 2, I'm now preparing for phase 3 &amp; 4... exciting times ahead for #Altcoins  https://t.co/HZ5X3Cu3iW",en,[],[],['https://pbs.twimg.com/media/EsiG-cKUYAAlaKZ.jpg'],98,667,2480,"['ethereum', 'altcoins']",['eth'],https://twitter.com/SecretsOfCrypto/status/1353480607234367488,False,,1,https://pbs.twimg.com/media/EsiG-cKUYAAlaKZ.jpg,,,,,,,[],,,,
1353443655248470016,1353439693677842432,2021-01-24 15:44:47 EST,2021-01-24,15:44:47,-0500,918804624303382528,100trillionusd,PlanB,,"@hodloncomrades No worries, forget the math or the model! Just remember that if bitcoin stays on its 12-year track in line with the other scarce assets, we will hit gold market cap 2021-2024 and real estate 2025-2028.  https://t.co/DwoexBHOFU",en,[],[],['https://pbs.twimg.com/media/EshkiuRWMAYLDmY.png'],48,312,1704,[],[],https://twitter.com/100trillionUSD/status/1353443655248470016,False,,1,https://pbs.twimg.com/media/EshkiuRWMAYLDmY.png,,,,,,,"[{'screen_name': 'hodloncomrades', 'name': 'Sir William Of Rotherham PhD', 'id': '912891821541543937'}]",,,,
1353440767365292033,1353440767365292033,2021-01-24 15:33:19 EST,2021-01-24,15:33:19,-0500,970994516357472257,btc_archive,Bitcoin Archive üóÑüöÄüåî,,Michael Saylor: Go F*ck yourself...Tax that! üòÇ #Bitcoin #BTC @michael_saylor  https://t.co/C0NvDBzU4D,en,[],[],[],172,892,3672,"['bitcoin', 'btc']",[],https://twitter.com/BTC_Archive/status/1353440767365292033,False,,1,https://pbs.twimg.com/ext_tw_video_thumb/1353440435398713344/pu/img/XcH2ZXjWGXZGDssM.jpg,,,,,,,[],,,,
1353438361923575814,1353438361923575814,2021-01-24 15:23:45 EST,2021-01-24,15:23:45,-0500,1025967921472786432,denverbitcoin,üèîAdam Oüèî,,‚ÄúAt the end of the day you can tell everybody to go fuck themselves.‚Äù  Bitcoin is fuck you money.    https://t.co/hh287eOY2z,en,[],[],[],51,234,1090,[],[],https://twitter.com/denverbitcoin/status/1353438361923575814,False,,1,https://pbs.twimg.com/ext_tw_video_thumb/1353433860294529024/pu/img/pJZTK8dVSyAklzam.jpg,,,,,,,[],,,,
1353433995225276416,1353433995225276416,2021-01-24 15:06:24 EST,2021-01-24,15:06:24,-0500,14717442,xentagz,Dennis Parker,,"Michael Saylor ""People can go f**k themselves, they can't take your #Bitcoin  https://t.co/ZYF1uWlGiB",en,[],[],[],224,900,3866,['bitcoin'],[],https://twitter.com/Xentagz/status/1353433995225276416,False,,1,https://pbs.twimg.com/ext_tw_video_thumb/1353433860294529024/pu/img/pJZTK8dVSyAklzam.jpg,,,,,,,[],,,,
1353417802946928643,1353417802946928643,2021-01-24 14:02:04 EST,2021-01-24,14:02:04,-0500,1107518478,jasonyanowitz,Yano | yanowitz.eth,,Argentinians are Googling Bitcoin at unprecedented rates.   Makes sense when you realize they have 40% annual inflation.  Credit: @MWietersheim  https://t.co/HC2G55yafW,en,"[{'screen_name': 'mwietersheim', 'name': 'moritz üëª', 'id': '843766369380433921'}]",[],['https://pbs.twimg.com/media/EshOUWnXUAAiWkr.jpg'],38,246,1386,[],[],https://twitter.com/JasonYanowitz/status/1353417802946928643,False,,1,https://pbs.twimg.com/media/EshOUWnXUAAiWkr.jpg,,,,,,,[],,,,
1353417509756497922,1353417509756497922,2021-01-24 14:00:54 EST,2021-01-24,14:00:54,-0500,20374262,maxkeiser,BITCOIN AMBASSADOR üá∏üáª,,#Bitcoin‚Äôs averaging 200% a year for 11 yrs.   https://t.co/lIHsMIS97n,en,[],['https://www.bloomberg.com/news/articles/2021-01-11/singer-s-elliott-returns-12-7-on-investments-in-2020'],[],51,193,1367,['bitcoin'],[],https://twitter.com/maxkeiser/status/1353417509756497922,False,,0,,,,,,,,[],,,,
1353413216127381505,1353413216127381505,2021-01-24 13:43:50 EST,2021-01-24,13:43:50,-0500,820252180796100608,bitcoinissaving,Bitcoin is Saving,,"‚Äú#Bitcoin is a ponzi scheme, instead you should invest in negative-yielding bonds that finance police brutality at home and war crimes abroad.‚Äù  ü§î",en,[],[],[],45,166,1043,['bitcoin'],[],https://twitter.com/BitcoinIsSaving/status/1353413216127381505,False,,0,,,,,,,,[],,,,
1353404150348800000,1353404150348800000,2021-01-24 13:07:49 EST,2021-01-24,13:07:49,-0500,24222556,tyler,Tyler Winklevoss,,It‚Äôs time US politicians stop holding back innovation with ridiculous rules and overly burdensome regulation. The BS rhetoric towards #Bitcoin and crypto has to go too. Newsflash the US is quickly losing its place as the global leader.  https://t.co/zHna391CNU,en,[],['https://www.wsj.com/articles/china-overtakes-u-s-as-worlds-leading-destination-for-foreign-direct-investment-11611511200?st=xejxt8mr98f8eie&reflink=article_copyURL_share#'],[],125,256,1499,['bitcoin'],[],https://twitter.com/tyler/status/1353404150348800000,False,,0,,,,,,,,[],,,,
1353402302556753920,1353402302556753920,2021-01-24 13:00:28 EST,2021-01-24,13:00:28,-0500,748483312965062656,n3ocortex,Rafael Schultze-Kraft,,"The total amount of capital inflows into #Bitcoin in the past 30 days (as estimated by realized cap), is as high as the whole $BTC market cap in Sept 2017 and early 2019: ~$70 billion USD  ü§Ø  Data: @glassnode  https://t.co/UXnDLDeXbr",en,"[{'screen_name': 'glassnode', 'name': 'glassnode', 'id': '1022821051187822593'}]",[],['https://pbs.twimg.com/media/Esg_QN7U0AEEdqz.jpg'],20,211,926,['bitcoin'],['btc'],https://twitter.com/n3ocortex/status/1353402302556753920,False,,1,https://pbs.twimg.com/media/Esg_QN7U0AEEdqz.jpg,,,,,,,[],,,,
1353401515394781184,1353401515394781184,2021-01-24 12:57:20 EST,2021-01-24,12:57:20,-0500,1293878938540933122,mrktmeditations,Market Meditations,,"BREAKING: Anthony Scaramucci, head of SkyBridge Capital and former White House communications director, says holding #bitcoin as safe as owning bonds and gold",en,[],[],[],30,178,1191,['bitcoin'],[],https://twitter.com/MrktMeditations/status/1353401515394781184,False,,0,,,,,,,,[],,,,
