,id,conversation_id,created_at,date,time,timezone,user_id,username,name,place,tweet,language,mentions,urls,photos,replies_count,retweets_count,likes_count,hashtags,cashtags,link,retweet,quote_url,video,thumbnail,near,geo,source,user_rt_id,user_rt,retweet_id,reply_to,retweet_date,translate,trans_src,trans_dest
0,1155578645685002240,1155578645685002240,2019-07-28 16:39:53 Eastern Daylight Time,2019-07-28,16:39:53,-500,135180235,russellokung,Okung üíØ,,"I will be hosting a one-day event Sunday, Sept 1st in LA for Bitcoin rookies. I‚Äôm excited to jump in more personally to help advance efforts for mainstream adoption. üöÄ",en,[],[],[],122,263,1820,[],[],https://twitter.com/RussellOkung/status/1155578645685002240,False,,0,,,,,,,,[],,,,
1,1155558096581877760,1155558096581877760,2019-07-28 15:18:14 Eastern Daylight Time,2019-07-28,15:18:14,-500,2787936004,abdullahciftcib,Abdullah √áift√ßi,,"ABD, kripto para sahiplerinden vergi toplamak i√ßin harekete ge√ßiyor. Bitcoin fiyatlarƒ±nƒ±n nispeten toparlanmasƒ± ve Facebook'un kripto parasƒ±nƒ± tanƒ±tmasƒ± maliyenin i≈ütahƒ±nƒ± kabarttƒ±.  https://t.co/8fusW0ho68",tr,[],[],['https://pbs.twimg.com/media/EAld9R7WkAAScyb.jpg'],20,165,696,[],[],https://twitter.com/abdullahciftcib/status/1155558096581877760,False,,1,https://pbs.twimg.com/media/EAld9R7WkAAScyb.jpg,,,,,,,[],,,,
2,1155461932083752960,1155461932083752960,2019-07-28 08:56:06 Eastern Daylight Time,2019-07-28,08:56:06,-500,339061487,apompliano,Pomp üå™,,‚îè‚îì   ‚îÉ‚îÉ‚ï±‚ï≤ in ‚îÉ‚ï±‚ï±‚ï≤‚ï≤  this ‚ï±‚ï±‚ï≠‚ïÆ‚ï≤‚ï≤   house ‚ñî‚ñè‚îó‚îõ‚ñï‚ñî    we ‚ï±‚ñî‚ñî‚ñî‚ñî‚ñî‚ñî‚ñî‚ñî‚ñî‚ñî‚ï≤          believe Bitcoin is the         best store of value                in the world ‚ï±‚ï±‚îè‚î≥‚îì‚ï≠‚ïÆ‚îè‚î≥‚îì ‚ï≤‚ï≤  ‚ñî‚ñè‚îó‚îª‚îõ‚îÉ‚îÉ‚îó‚îª‚îõ‚ñï,en,[],[],[],116,406,2427,[],[],https://twitter.com/APompliano/status/1155461932083752960,False,,0,,,,,,,,[],,,,
3,1155213526736285699,1155213526736285699,2019-07-27 16:29:02 Eastern Daylight Time,2019-07-27,16:29:02,-500,339061487,apompliano,Pomp üå™,,"REMINDER: If Bitcoin ever hits $1 million, that would be more than 100X upside from here.  Never say never üôèüèΩ",en,[],[],[],167,265,1974,[],[],https://twitter.com/APompliano/status/1155213526736285699,False,,0,,,,,,,,[],,,,
4,1155211540846600192,1155211540846600192,2019-07-27 16:21:08 Eastern Daylight Time,2019-07-27,16:21:08,-500,961445378,officialmcafee,John McAfee,,Bitcoin is under pressure from the U.S. and its price reflects it. But the U.S. has no real power in controlling CryptoCurrency. Just watch. A week from today Bitcoin will continue its meteoric rise.,en,[],[],[],416,698,3941,[],[],https://twitter.com/officialmcafee/status/1155211540846600192,False,,0,,,,,,,,[],,,,
5,1155086433201328133,1155086433201328133,2019-07-27 08:04:00 Eastern Daylight Time,2019-07-27,08:04:00,-500,339061487,apompliano,Pomp üå™,,This week in crypto:  1. Robinhood raises $323 million 2. @trylolli now has 900 merchants 3. SEC issues second no action letter 4. Circle moves some ops offshore 5. Bitcoin is still not dead :)  Another week of progress! üôèüèΩ,en,"[{'screen_name': 'trylolli', 'name': 'lolli üç≠', 'id': '971046392872521730'}]",[],[],68,220,1242,[],[],https://twitter.com/APompliano/status/1155086433201328133,False,,0,,,,,,,,[],,,,
6,1155072364448768002,1155072364448768002,2019-07-27 07:08:06 Eastern Daylight Time,2019-07-27,07:08:06,-500,18469669,saifedean,Saifedean.com,,Delighted to announce that  https://t.co/rPiqKmaXlY will no longer be accepting your government's shitcoins as payment. Bitcoin only from now on!,en,[],['http://saifedean.com'],[],49,127,1009,[],[],https://twitter.com/saifedean/status/1155072364448768002,False,,0,,,,,,,,[],,,,
7,1154985452127916032,1154985452127916032,2019-07-27 01:22:45 Eastern Daylight Time,2019-07-27,01:22:45,-500,14654494,excellion,Samson Mow,,"Yesterday the #BankofChina posted up an article about #Bitcoin. They explained how $BTC works, why the price is going up, and why it‚Äôs valuable. Never thought I‚Äôd see that happen. üòÖ #Bullish  https://t.co/GKzj7XJjJa",en,[],[],['https://pbs.twimg.com/media/EAdVJWAUcAE6b5V.jpg'],113,778,2193,"['bankofchina', 'bitcoin', 'bullish']",['btc'],https://twitter.com/Excellion/status/1154985452127916032,False,,1,https://pbs.twimg.com/media/EAdVJWAUcAE6b5V.jpg,,,,,,,[],,,,
8,1154967150962065408,1154967150962065408,2019-07-27 00:10:01 Eastern Daylight Time,2019-07-27,00:10:01,-500,1413027896,charliebilello,Charlie Bilello,,2019 Returns Beyond Meat $BYND: +840% Bitcoin: +160% Nasdaq 100 $QQQ: +27% S&amp;P 500 $SPY: +22% Oil $USO: +21% REITs $VNQ: +20% Small Cap $IWM: +18% EAFE $EFA: +14% Investment Grade $LQD: +12% High Yield $HYG: +10% Gold $GLD: +10% EM $EEM: +10% Commodities $DBC: +7% Bonds $AGG: +6%,en,[],[],[],31,255,769,[],"['bynd', 'qqq', 'spy', 'uso', 'vnq', 'iwm', 'efa', 'lqd', 'hyg', 'gld', 'eem', 'dbc', 'agg']",https://twitter.com/charliebilello/status/1154967150962065408,False,,0,,,,,,,,[],,,,
9,1154931477488066560,1154931477488066560,2019-07-26 21:48:16 Eastern Daylight Time,2019-07-26,21:48:16,-500,123710016,rosedbarros,Rose Barros . ANB üáßüá∑üåè,,C√∫mplice de hacker se recusou a fornecer senha do celular e de contas de Bitcoin para PF Gustavo Henrique Elias Santos teve pris√£o tempor√°ria prorrogada pela Justi√ßa  https://t.co/f508bUqQj0,pt,[],['https://www.agoranoticiasbrasil.com.br/?p=29642'],[],52,334,944,[],[],https://twitter.com/rosedbarros/status/1154931477488066560,False,,0,,,,,,,,[],,,,
10,1154819819365130251,1154819819365130251,2019-07-26 14:24:35 Eastern Daylight Time,2019-07-26,14:24:35,-500,290180065,ericholthaus,Eric Holthaus,,"Only 3% of the world's population flies each year. Half of those people fly once a month or more.  Together, the 1.5% of people who are frequent fliers would be the 6th largest emitting country in the world‚Äîjust by their aviation emissions alone. This is Bitcoin territory here.",en,[],[],[],43,564,959,[],[],https://twitter.com/EricHolthaus/status/1154819819365130251,False,https://twitter.com/DoctorVive/status/1154525718279180289,0,,,,,,,,[],,,,
11,1154802649201557506,1154802649201557506,2019-07-26 13:16:21 Eastern Daylight Time,2019-07-26,13:16:21,-500,339061487,apompliano,Pomp üå™,,Bitcoin‚Äôs compounded annual growth rate is 235% over almost a decade.  The most valuable ‚Äúthin air‚Äù in the world üöÄ,en,[],[],[],83,411,2177,[],[],https://twitter.com/APompliano/status/1154802649201557506,False,,0,,,,,,,,[],,,,
12,1154786105318883333,1154786105318883333,2019-07-26 12:10:37 Eastern Daylight Time,2019-07-26,12:10:37,-500,1445650784,cashapp,Cash App,,"It‚Äôs #SuperCashAppFriday. We‚Äôre giving away $50K in cash and BTC. RT with your $Cashtag to enter. You could win $100, $500, or even 1 whole bitcoin.  For luck, tag a bitcoin believer.  Follow @CashApp to qualify. No purc nec. Void where proh. Rules:  https://t.co/P3knshma0s  https://t.co/5TEB5kmuk1",en,"[{'screen_name': 'cashapp', 'name': 'cash app', 'id': '1445650784'}]",['http://bit.ly/2LIG4SO'],[],67404,28159,36387,['supercashappfriday'],[],https://twitter.com/CashApp/status/1154786105318883333,False,,1,https://pbs.twimg.com/ext_tw_video_thumb/1154784924190330881/pu/img/5vYbrOIWFHcwk_bZ.jpg,,,,,,,[],,,,
13,1154737205547610113,1154737205547610113,2019-07-26 08:56:18 Eastern Daylight Time,2019-07-26,08:56:18,-500,820252180796100608,bitcoinissaving,Bitcoin is Saving,,The solution to literally every problem is Bitcoin.,en,[],[],[],120,139,988,[],[],https://twitter.com/BitcoinIsSaving/status/1154737205547610113,False,,0,,,,,,,,[],,,,
14,1154734612502994945,1154734612502994945,2019-07-26 08:46:00 Eastern Daylight Time,2019-07-26,08:46:00,-500,339061487,apompliano,Pomp üå™,,"HERE WE GO.  US GDP last quarter: 3.1% US GDP this quarter: 2.1%  Economy  s l o w i n g  down only means one thing ‚Äî cutting rates and printing money!  They don't realize that they're giving Bitcoin the rocket fuel it was built to consume.  Long Bitcoin, Short the Bankers!",en,[],[],[],78,402,1830,[],[],https://twitter.com/APompliano/status/1154734612502994945,False,,0,,,,,,,,[],,,,
15,1154712314995781634,1154712314995781634,2019-07-26 07:17:24 Eastern Daylight Time,2019-07-26,07:17:24,-500,918804624303382528,100trillionusd,PlanB,,"#bitcoin bull markets seem to start at difficulty bottoms.  We saw difficulty bottoms (miner capitulation) in Dec 2011 ($4.6), May 2015 ($230) and Dec 2018 ($3691). Price continues to rise from these bottoms until ATH around 100x .. implying a continuing uptrend until $370K ATH.  https://t.co/xgwp3SeHfb",en,[],[],['https://pbs.twimg.com/media/EAZcug3X4AEr772.png'],65,433,1308,['bitcoin'],[],https://twitter.com/100trillionUSD/status/1154712314995781634,False,,1,https://pbs.twimg.com/media/EAZcug3X4AEr772.png,,,,,,,[],,,,
16,1154509976372699136,1154509976372699136,2019-07-25 17:53:22 Eastern Daylight Time,2019-07-25,17:53:22,-500,339061487,apompliano,Pomp üå™,,ROCKET FUEL: They‚Äôre going to cut rates and print money right as we march towards the Bitcoin halving.  Buckle up. This will be wild üöÄ  https://t.co/QotDXKTJRj,en,[],[],['https://pbs.twimg.com/media/EAWks1UX4AAIK2Y.jpg'],79,348,1295,[],[],https://twitter.com/APompliano/status/1154509976372699136,False,,1,https://pbs.twimg.com/media/EAWks1UX4AAIK2Y.jpg,,,,,,,[],,,,
17,1154473682758184961,1154473682758184961,2019-07-25 15:29:09 Eastern Daylight Time,2019-07-25,15:29:09,-500,2633624624,thenoelmiller,Noel Miller,,y‚Äôall heard of bitcoin?,en,[],[],[],251,738,14711,[],[],https://twitter.com/thenoelmiller/status/1154473682758184961,False,,0,,,,,,,,[],,,,
18,1154400724563836929,1154400724563836929,2019-07-25 10:39:15 Eastern Daylight Time,2019-07-25,10:39:15,-500,19546277,yahoofinance,Yahoo Finance,,"Highlight: ""Right now, we're trying to make bitcoin accessible to everybody,"" @trylolli CEO @alexadelman says. ""And so we're trying to make Bitcoin part of everyone's daily life. ... We're bringing this whole new wave of users into bitcoin already."" Full interview:  https://t.co/Sza0YG9GbE",en,"[{'screen_name': 'trylolli', 'name': 'lolli üç≠', 'id': '971046392872521730'}, {'screen_name': 'alexadelman', 'name': '¬ßalex adelman üç≠', 'id': '110933821'}]",[],[],32,133,425,[],[],https://twitter.com/YahooFinance/status/1154400724563836929,False,,1,https://pbs.twimg.com/media/EAVBVXVVUAAzuij.jpg,,,,,,,[],,,,
19,1154397171334176770,1154397171334176770,2019-07-25 10:25:07 Eastern Daylight Time,2019-07-25,10:25:07,-500,20884310,timdraper,Tim Draper,,I had hoped for better things from India‚Äôs new government...#india #bitcoin  https://t.co/5GxEBu18wy,en,[],['https://inc42.com/features/will-set-india-back-by-40-years-vc-tim-draper-on-indias-report-calling-for-crypto-ban/?utm_source=inc42-featured-stories&utm_medium=website&utm_campaign=featured-stories'],[],78,311,836,"['india', 'bitcoin']",[],https://twitter.com/TimDraper/status/1154397171334176770,False,,0,,,,,,,,[],,,,
20,1154386322158706689,1154386322158706689,2019-07-25 09:42:01 Eastern Daylight Time,2019-07-25,09:42:01,-500,1856523530,capitalandceleb,CCN - Capital & Celeb News,,Not Fake News: TD Ameritrade Will Be Entering The Retail Bitcoin Market  https://t.co/ldbhgGHajs,en,[],['https://www.ccn.com/ccn-tv/not-fake-news-td-ameritrade-will-be-entering-the-retail-bitcoin-market/2019/07/25/'],[],9,195,537,[],[],https://twitter.com/CapitalAndCeleb/status/1154386322158706689,False,,0,,,,,,,,[],,,,
21,1154362010605432838,1154362010605432838,2019-07-25 08:05:24 Eastern Daylight Time,2019-07-25,08:05:24,-500,339061487,apompliano,Pomp üå™,,"Governments around the world are going to keep debasing their currencies by printing more money, while Bitcoin stays as scarce as it was designed to be.  Which do you want to store your wealth in?",en,[],[],[],160,352,1860,[],[],https://twitter.com/APompliano/status/1154362010605432838,False,,0,,,,,,,,[],,,,
22,1154285897267011586,1154285897267011586,2019-07-25 03:02:58 Eastern Daylight Time,2019-07-25,03:02:58,-500,1333467482,coindesk,CoinDesk,,JUST IN: Supporters of presidential candidate @AndrewYang can now send bitcoin donations to a new super PAC via the Lightning Network. Report by @La__Cuen  https://t.co/SIquU6lqOG,en,"[{'screen_name': 'andrewyang', 'name': 'andrew yangüß¢‚¨ÜÔ∏èüá∫üá∏', 'id': '2228878592'}, {'screen_name': 'la__cuen', 'name': 'leigh cuen', 'id': '416161639'}]",['http://ow.ly/t9NW50vb5it'],[],42,259,856,[],[],https://twitter.com/CoinDesk/status/1154285897267011586,False,,0,,,,,,,,[],,,,
23,1154270052251779075,1154270052251779075,2019-07-25 02:00:00 Eastern Daylight Time,2019-07-25,02:00:00,-500,1066957080702021632,gopaxid,GOPAX Indonesia,,Kira-kira kata apa yang tersembunyi di balik gambar ini?  Tulis jawaban kamu di kolom komentar dan menangkan voucher GO-PAY senilai Rp 500.000 dari GOPAX Indonesia.  Jangan lupa baca syarat dan ketentuannya. üòâ  #giveaway #promo #kuis #quiz  #gopay #binance  #bitcoin #airdrop  https://t.co/b3Qj86VAaH,in,[],[],"['https://pbs.twimg.com/media/EAS04b1U8AEhuPL.jpg', 'https://pbs.twimg.com/media/EAS06QTUIAAvJr8.jpg']",496,189,202,"['giveaway', 'promo', 'kuis', 'quiz', 'gopay', 'binance', 'bitcoin', 'airdrop']",[],https://twitter.com/GopaxID/status/1154270052251779075,False,,1,https://pbs.twimg.com/media/EAS04b1U8AEhuPL.jpg,,,,,,,[],,,,
24,1154202015423184898,1154202015423184898,2019-07-24 21:29:39 Eastern Daylight Time,2019-07-24,21:29:39,-500,820252180796100608,bitcoinissaving,Bitcoin is Saving,,Bitcoin is the next world reserve currency,en,[],[],[],994,1434,6369,[],[],https://twitter.com/BitcoinIsSaving/status/1154202015423184898,False,,0,,,,,,,,[],,,,
25,1154194555086024710,1154194555086024710,2019-07-24 21:00:00 Eastern Daylight Time,2019-07-24,21:00:00,-500,2377815434,clickhole,ClickHole,,Don‚Äôt Understand Bitcoin? This Man Will Mumble An Explanation At You  https://t.co/TUeQMcL7yG,en,[],[],[],24,265,1158,[],[],https://twitter.com/ClickHole/status/1154194555086024710,False,,1,https://pbs.twimg.com/media/EAQt1EKXkAAbNrK.jpg,,,,,,,[],,,,
26,1154169121069658112,1154169121069658112,2019-07-24 19:18:56 Eastern Daylight Time,2019-07-24,19:18:56,-500,846727167966793729,uglyoldgoat1,Ugly OldGoat,,I am very saddened to announce my good friend and Bitcoins Standard Bearer Tyler Jenks who taught me the Five Pillars of Bitcoin suddenly passed away.  He will be sorely missed.  https://t.co/D9iDAK799M,en,[],[],['https://pbs.twimg.com/media/EARurx0XsAAoNTc.jpg'],447,214,1756,[],[],https://twitter.com/UglyOldGoat1/status/1154169121069658112,False,,1,https://pbs.twimg.com/media/EARurx0XsAAoNTc.jpg,,,,,,,[],,,,
27,1154154119529193473,1154154119529193473,2019-07-24 18:19:19 Eastern Daylight Time,2019-07-24,18:19:19,-500,339061487,apompliano,Pomp üå™,,"NEW TREND: I‚Äôve met with multiple CIOs at multi-billion dollar institutions lately.  The firms aren‚Äôt invested in Bitcoin yet, but the CIOs are.  That will quickly change üî•",en,[],[],[],71,223,1525,[],[],https://twitter.com/APompliano/status/1154154119529193473,False,,0,,,,,,,,[],,,,
28,1154131627259453446,1154131627259453446,2019-07-24 16:49:57 Eastern Daylight Time,2019-07-24,16:49:57,-500,20374262,maxkeiser,üá∏üáª BITCOIN AMBASSADOR üåã,,"#Bitcoin is uniquely incorruptible. Think about that. For the first time in history, money* is incorruptible. The possibility to create a sustainable society at scale now exists for the first time. #amazing   *Hard Money (not ‚Äòcurrency‚Äô)",en,[],[],[],43,191,699,"['bitcoin', 'amazing']",[],https://twitter.com/maxkeiser/status/1154131627259453446,False,,0,,,,,,,,[],,,,
29,1154088478398795777,1154088478398795777,2019-07-24 13:58:29 Eastern Daylight Time,2019-07-24,13:58:29,-500,135180235,russellokung,Okung üíØ,,First @NFL training camp conversation: Bitcoin. ü§∑üèæ‚Äç‚ôÇÔ∏è,en,"[{'screen_name': 'nfl', 'name': 'nfl', 'id': '19426551'}]",[],[],151,378,2788,[],[],https://twitter.com/RussellOkung/status/1154088478398795777,False,,0,,,,,,,,[],,,,
30,1154074046692286475,1154074046692286475,2019-07-24 13:01:09 Eastern Daylight Time,2019-07-24,13:01:09,-500,2287471915,panteracapital,Pantera Capital,,"We initially published this forecast in January ($3,700/BTC) using pricing data from Dec '10 thru Dec '18. During that time, bitcoin grew at a 235% CAGR.    If #bitcoin reverts to its long-term trend by end of:  2019 :: $42k 2020 :: $122k 2021 :: $356k   https://t.co/caEVnPkNDr  https://t.co/GP7Rr99sep",en,[],['https://hubs.ly/H0jXZtr0'],['https://pbs.twimg.com/media/EAQYOrcXYAI9rjS.png'],61,397,1051,['bitcoin'],[],https://twitter.com/PanteraCapital/status/1154074046692286475,False,,1,https://pbs.twimg.com/media/EAQYOrcXYAI9rjS.png,,,,,,,[],,,,
31,1154004308947591168,1154004308947591168,2019-07-24 08:24:02 Eastern Daylight Time,2019-07-24,08:24:02,-500,404422077,squawkcnbc,Squawk Box,,"""I can assure you I will personally not be loaded up on bitcoin"" in 10 years, says Treasury Secretary Mnuchin #bitcoin  https://t.co/0J5acWQwRO",en,[],[],[],350,382,1412,['bitcoin'],[],https://twitter.com/SquawkCNBC/status/1154004308947591168,False,,1,https://pbs.twimg.com/media/EAPYzNOXYAEeicI.jpg,,,,,,,[],,,,
32,1154000196977745920,1154000196977745920,2019-07-24 08:07:41 Eastern Daylight Time,2019-07-24,08:07:41,-500,61084342,rehventura,Renata Ventura,,Bom dia s√≥ pra quem √© hacker russo pago com bitcoin e DJ de Araraquara nas horas vagas,pt,[],[],[],34,690,4772,[],[],https://twitter.com/rehventura/status/1154000196977745920,False,,0,,,,,,,,[],,,,
33,1153999618901889024,1153999618901889024,2019-07-24 08:05:24 Eastern Daylight Time,2019-07-24,08:05:24,-500,13418472,woonomic,Willy Woo,,"Bitcoin consumes 8GW of power. This is:  - The body heat of 80m people (~population of Germany) - 18,000 Tesla Model S P100D's at max power - 89 Jumbo Jets on takeoff - 38 Nuclear aircraft carriers - The energy use of the Internet in 2016 - Less than one Falcon 9 rocket at launch",en,[],[],[],95,214,876,[],[],https://twitter.com/woonomic/status/1153999618901889024,False,,0,,,,,,,,[],,,,
34,1153988163628687362,1153988163628687362,2019-07-24 07:19:52 Eastern Daylight Time,2019-07-24,07:19:52,-500,1194984822,goingparabolic,Jason Williams üöÄ,,"Bitcoin price is down but Dan Morehead at Pantera has some Good News üî•üöÄüî•  Morehead‚Äôs logarithmic scale work shows-  $42,000 price by the end of 2019, 4.3x  $122,000 price by the end of 2020, 12.6x  $365,000 price by the end of 2021. 37.7x  I‚Äôd say that‚Äôs a nice move from $9680",en,[],[],[],85,308,1287,[],[],https://twitter.com/GoingParabolic/status/1153988163628687362,False,,0,,,,,,,,[],,,,
35,1153984515045502981,1153984515045502981,2019-07-24 07:05:23 Eastern Daylight Time,2019-07-24,07:05:23,-500,918804624303382528,100trillionusd,PlanB,,"If money printing and currency devaluation creates wealth, why isn't Zimbabwe the richest country on Earth? #QuantitativeEasing #Bitcoin  https://t.co/Vperf7mKDw",en,[],[],"['https://pbs.twimg.com/media/EAPGyeMWsAAQ-qf.jpg', 'https://pbs.twimg.com/media/EAPGyeMWsAEQXtS.jpg']",80,312,1166,"['quantitativeeasing', 'bitcoin']",[],https://twitter.com/100trillionUSD/status/1153984515045502981,False,,1,https://pbs.twimg.com/media/EAPGyeMWsAAQ-qf.jpg,,,,,,,[],,,,
36,1153937616947097602,1153937616947097602,2019-07-24 03:59:01 Eastern Daylight Time,2019-07-24,03:59:01,-500,1856523530,capitalandceleb,CCN - Capital & Celeb News,,"$356,000: Stratospheric Bitcoin Price Coming in 2022, Predicts Pantera Capital CEO  https://t.co/g0aCIcMmsE",en,[],['https://www.ccn.com/news/356000-stratospheric-bitcoin-price-coming-2022-predicts-pantera-capital-ceo/2019/07/24/'],[],40,189,582,[],[],https://twitter.com/CapitalAndCeleb/status/1153937616947097602,False,,0,,,,,,,,[],,,,
37,1153823646814597121,1153823646814597121,2019-07-23 20:26:09 Eastern Daylight Time,2019-07-23,20:26:09,-500,20169416,tracyalloway,Tracy Alloway,,"A major divergence has opened up in my proprietary quant model. Historic correlations are breaking down, presenting a unique opportunity for investors brave enough to take advantage of the temporary dislocation.  Yes, it is time to sell avocados to buy Bitcoin.  https://t.co/DwtYmlrjeG",en,[],[],['https://pbs.twimg.com/media/EAM0XdNU8AAGPMN.jpg'],59,187,944,[],[],https://twitter.com/tracyalloway/status/1153823646814597121,False,,1,https://pbs.twimg.com/media/EAM0XdNU8AAGPMN.jpg,,,,,,,[],,,,
38,1153796343220994049,1153796343220994049,2019-07-23 18:37:39 Eastern Daylight Time,2019-07-23,18:37:39,-500,162453393,aguedescartoon,Andr√© Guedes,,"Maior viagem com hacker russo, bitcoin, dono do ebay e no fim das contas compraram um hacker Z√© das Couves com dez balas juquinha no metr√¥ de SP",pt,[],[],[],368,310,4696,[],[],https://twitter.com/aguedescartoon/status/1153796343220994049,False,,0,,,,,,,,[],,,,
39,1153784978548805632,1153784978548805632,2019-07-23 17:52:29 Eastern Daylight Time,2019-07-23,17:52:29,-500,1856523530,capitalandceleb,CCN - Capital & Celeb News,,Not Fake News: TD Ameritrade CEO Confirms REAL Demand for Bitcoin  https://t.co/qePhFVJztZ,en,[],['https://www.ccn.com/news/td-ameritrade-ceo-bitcoin/2019/07/23/'],[],32,376,955,[],[],https://twitter.com/CapitalAndCeleb/status/1153784978548805632,False,,0,,,,,,,,[],,,,
40,1153768770609000450,1153768770609000450,2019-07-23 16:48:05 Eastern Daylight Time,2019-07-23,16:48:05,-500,918804624303382528,100trillionusd,PlanB,,#bitcoin: the invention of digital scarcity  https://t.co/1zk8IglNOV,en,[],[],['https://pbs.twimg.com/media/EAMCk-_XoAEB7o3.jpg'],13,213,644,['bitcoin'],[],https://twitter.com/100trillionUSD/status/1153768770609000450,False,,1,https://pbs.twimg.com/media/EAMCk-_XoAEB7o3.jpg,,,,,,,[],,,,
41,1153767959325753346,1153767959325753346,2019-07-23 16:44:52 Eastern Daylight Time,2019-07-23,16:44:52,-500,944261020914249729,rhythmtrader,Rhythm,,"Deutsche Bank, last 20yrs:  - $12+ billion in fines - 35 offences - Securities abuses - Tax violations - Investor protection violations - Money laundering - Accounting fraud - Banking violation  They warn bitcoin is used by criminals, but it's actually our best tool against them.",en,[],[],[],30,398,1110,[],[],https://twitter.com/Rhythmtrader/status/1153767959325753346,False,,0,,,,,,,,[],,,,
42,1153739095971180544,1153739095971180544,2019-07-23 14:50:10 Eastern Daylight Time,2019-07-23,14:50:10,-500,2207129125,cointelegraph,Cointelegraph,,Chinese court has legally recognized Bitcoin. Is it too early to call it a victory for the bulls?  https://t.co/IRxO5TJqz1,en,[],['https://cointelegraph.com/news/bitcoin-is-property-chinese-court-rules-no-crypto-ban-contradiction'],[],39,299,780,[],[],https://twitter.com/Cointelegraph/status/1153739095971180544,False,,0,,,,,,,,[],,,,
43,1153736627891499008,1153736627891499008,2019-07-23 14:40:22 Eastern Daylight Time,2019-07-23,14:40:22,-500,867408379391627265,coinfieldex,CoinField,,üö®ANNOUNCEMENT üö®  CoinField has just linked up with @xrptipbot meaning we will be giving away small amounts of $XRP on certain posts! Keep an üëÄ out for future posts üí™üèº #CoinField #cryptocurrency #bitcoin $BTC #XRP $XRP,en,"[{'screen_name': 'xrptipbot', 'name': 'xrp tipbot', 'id': '957613470672916480'}]",[],[],72,162,533,"['coinfield', 'cryptocurrency', 'bitcoin', 'xrp']","['xrp', 'btc', 'xrp']",https://twitter.com/CoinFieldEX/status/1153736627891499008,False,,0,,,,,,,,[],,,,
44,1153709918060290048,1153709918060290048,2019-07-23 12:54:14 Eastern Daylight Time,2019-07-23,12:54:14,-500,938119622276014080,desicryptohodlr,Shalini‚ö°,,"World is about to lose  5,000,000 Crypto Investors 12,500 Blockchain Developers 25 Exchanges, employing 100s 7.4% of all Binance visitors Nation with leading #Bitcoin tweets  If India bans Crypto, it affects everyone  Don't let it happen, step in, join our fight #IndiaWantsCrypto",en,[],[],[],105,370,1134,"['bitcoin', 'indiawantscrypto']",[],https://twitter.com/DesiCryptoHodlr/status/1153709918060290048,False,,0,,,,,,,,[],,,,
45,1153685304085274624,1153685304085274624,2019-07-23 11:16:25 Eastern Daylight Time,2019-07-23,11:16:25,-500,2363290915,melt_dem,Meltem Demir‚óérs,,"1/ paradigm shifts seem to be a big topic these days.  there are two important ones happening right here and right now, which have been *proven* possible by bitcoin.  digitization and disintermediation.  a very short thread...  https://t.co/jtcA3Y6e0D",en,[],[],['https://pbs.twimg.com/media/EAK2qgqXUAA3Gqt.jpg'],25,192,532,[],[],https://twitter.com/Melt_Dem/status/1153685304085274624,False,,1,https://pbs.twimg.com/media/EAK2qgqXUAA3Gqt.jpg,,,,,,,[],,,,
46,1153638802302349315,1153638802302349315,2019-07-23 08:11:38 Eastern Daylight Time,2019-07-23,08:11:38,-500,47966112,odell,ODELL,,"""The amount of Bitcoin (BTC) supply that has been untouched (i.e. not transferred) for at least five years recently reached an all-time high. This potentially signals that BTC is increasingly becoming a store of value, as opposed to a medium of exchange.""   https://t.co/GGrqOZHmnT  https://t.co/TwJG18lFp7",en,[],['https://coinmetrics.substack.com/p/coin-metrics-state-of-the-network-cf2'],['https://pbs.twimg.com/media/EAKMYHxWwAApQXh.png'],47,183,609,[],[],https://twitter.com/ODELL/status/1153638802302349315,False,,1,https://pbs.twimg.com/media/EAKMYHxWwAApQXh.png,,,,,,,[],,,,
47,1153531668713680896,1153531668713680896,2019-07-23 01:05:56 Eastern Daylight Time,2019-07-23,01:05:56,-500,609143325,matigreenspan,Mati Greenspan (tweets ‚â† financial advice),,"Bitcoin trading is now available @TDAmeritrade!!!  Been waiting a while for this. Ameritrade is one of the US's oldest and largest online brokers.  As of September, client equity totaled $1.279 trillion.  The floor gates to BTC are now officially open.    https://t.co/9gBo3zSuUZ",en,"[{'screen_name': 'tdameritrade', 'name': 'td ameritrade', 'id': '16816021'}]",['https://www.tdameritrade.com/investment-products/futures-trading/bitcoin-futures.page'],[],37,261,732,[],[],https://twitter.com/MatiGreenspan/status/1153531668713680896,False,,0,,,,,,,,[],,,,
48,1153395555445420032,1153395555445420032,2019-07-22 16:05:04 Eastern Daylight Time,2019-07-22,16:05:04,-500,2207129125,cointelegraph,Cointelegraph,,Bakkt begins testing its physically delivered Bitcoin futures  https://t.co/TnvnmKXDo7,en,[],['https://cointelegraph.com/news/bakkt-begins-testing-bitcoin-futures'],[],16,173,478,[],[],https://twitter.com/Cointelegraph/status/1153395555445420032,False,,0,,,,,,,,[],,,,
49,1153386876801310730,1153386876801310730,2019-07-22 15:30:34 Eastern Daylight Time,2019-07-22,15:30:34,-500,1025229076339060736,bakkt,Bakkt,,Today kicks off user acceptance testing @ICE_Markets for the Bakkt Bitcoin Daily &amp; Monthly Futures contracts  Testing is proceeding as planned with participants from around the world,en,"[{'screen_name': 'ice_markets', 'name': 'ice', 'id': '25570548'}]",[],[],190,1328,3830,[],[],https://twitter.com/Bakkt/status/1153386876801310730,False,,0,,,,,,,,[],,,,
50,1153384508349132801,1153384508349132801,2019-07-22 15:21:10 Eastern Daylight Time,2019-07-22,15:21:10,-500,1333467482,coindesk,CoinDesk,,Iran is officially recognizing bitcoin mining as an industry it will regulate and for which it will set electricity rates.  https://t.co/RzXq6fjzQe,en,[],['http://ow.ly/qShm50v8mRR'],[],81,436,1412,[],[],https://twitter.com/CoinDesk/status/1153384508349132801,False,,0,,,,,,,,[],,,,
51,1153312781573218307,1153312781573218307,2019-07-22 10:36:09 Eastern Daylight Time,2019-07-22,10:36:09,-500,20902138,alistairmilne,Alistair Milne,,Coinbase has passed 30million users this month (adding 5million users in the last ~10 months) #bitcoin  https://t.co/3SNO7HwBxg,en,[],[],['https://pbs.twimg.com/media/EAFj3CHWsAA3bJj.jpg'],60,161,587,['bitcoin'],[],https://twitter.com/alistairmilne/status/1153312781573218307,False,,1,https://pbs.twimg.com/media/EAFj3CHWsAA3bJj.jpg,,,,,,,[],,,,
52,1153291269105434626,1153291269105434626,2019-07-22 09:10:40 Eastern Daylight Time,2019-07-22,09:10:40,-500,1496770074,ihatecodee,code e,,How much did it cost to invent bitcoin?  One Satoshi. üòÇ,en,[],[],[],57,165,1368,[],[],https://twitter.com/ihatecodee/status/1153291269105434626,False,,0,,,,,,,,[],,,,
53,1153280167390961664,1153280167390961664,2019-07-22 08:26:33 Eastern Daylight Time,2019-07-22,08:26:33,-500,2409269164,kimlockhartga,Kim Possible üìö,,"Just blocked a God-fearing, honest, trustworthy sugar daddy divorced major general dad who trades bitcoin, won the lottery, and works as a military surgeon for the oil companies.",en,[],[],[],172,151,919,[],[],https://twitter.com/kimlockhartga/status/1153280167390961664,False,,0,,,,,,,,[],,,,
54,1153235782309765120,1153235782309765120,2019-07-22 05:30:11 Eastern Daylight Time,2019-07-22,05:30:11,-500,1856523530,capitalandceleb,CCN - Capital & Celeb News,,Bakkt‚Äôs 'Moonshot' Bitcoin Platform to Begin Testing Today  https://t.co/SaF6J4XqkW,en,[],['https://www.ccn.com/news/bakkts-moonshot-bitcoin-platform-begin-testing-today/2019/07/22/'],[],36,475,1334,[],[],https://twitter.com/CapitalAndCeleb/status/1153235782309765120,False,,0,,,,,,,,[],,,,
55,1153235192632528898,1153235192632528898,2019-07-22 05:27:50 Eastern Daylight Time,2019-07-22,05:27:50,-500,2207129125,cointelegraph,Cointelegraph,,Bitcoin sets another hash rate record as figure nudges 80 TH/s  https://t.co/87aTRqJqf1,en,[],['https://cointelegraph.com/news/bitcoin-network-now-8-times-more-powerful-than-it-was-at-20k-price'],[],14,205,524,[],[],https://twitter.com/Cointelegraph/status/1153235192632528898,False,,0,,,,,,,,[],,,,
56,1153215790621036545,1153215790621036545,2019-07-22 04:10:44 Eastern Daylight Time,2019-07-22,04:10:44,-500,842033575985782784,boxmining,Boxmining,,Bakkt launches its Bitcoin futures platform todayüî•üî•üî•  #Bitcoin #Bakkt  https://t.co/6h15HoT3VH,en,[],[],['https://pbs.twimg.com/media/EAELpnVXUAA1gBF.jpg'],43,144,683,"['bitcoin', 'bakkt']",[],https://twitter.com/boxmining/status/1153215790621036545,False,,1,https://pbs.twimg.com/media/EAELpnVXUAA1gBF.jpg,,,,,,,[],,,,
57,1153105830654468098,1153105830654468098,2019-07-21 20:53:48 Eastern Daylight Time,2019-07-21,20:53:48,-500,1105660673445380097,spiralbtc,Spiral,,Companies whose futures depend on the success of bitcoin should create roles that deal exclusively with making the case for mass adoption to the general public. We go mainstream when bitcoin stops being a community and starts being a necessity. üåö,en,[],[],[],58,168,1028,[],[],https://twitter.com/spiralbtc/status/1153105830654468098,False,,0,,,,,,,,[],,,,
58,1153087692818800640,1153087692818800640,2019-07-21 19:41:43 Eastern Daylight Time,2019-07-21,19:41:43,-500,83334357,hackerfiscalia,‚óè‚óè Richard Maok - Signal: +1 (437) 210-4784,,"El problema es que en la registraduria cambian los resultados asi nadie vote. A Duque le inventaron millones de votos. Manipulando el codigo BI SQL es facil de hacer desde el momento del escaneo de formularios. Ojala cambien la tecnologia a BlockChain, la misma usada en Bitcoin.",es,[],[],[],6,151,188,[],[],https://twitter.com/hackerFiscalia/status/1153087692818800640,False,https://twitter.com/malusuasan/status/1153049325204848641,0,,,,,,,,[],,,,
59,1153056821487255558,1153056821487255558,2019-07-21 17:39:03 Eastern Daylight Time,2019-07-21,17:39:03,-500,991493656132468737,_unwriter,_unwriter,,"WOW @jolon has created an 100% on-chain GitHub on Bitcoin.  Powered by Metanet protocol. Remember, Metanet has a version control system built in.  Good bye GitHub!   https://t.co/ZdxduOUINW",en,"[{'screen_name': 'jolon', 'name': 'yura', 'id': '842265033170026496'}]",['https://codeonchain.network/'],[],9,123,271,[],[],https://twitter.com/_unwriter/status/1153056821487255558,False,,0,,,,,,,,[],,,,
60,1153038430995193857,1153038430995193857,2019-07-21 16:25:59 Eastern Daylight Time,2019-07-21,16:25:59,-500,2363290915,melt_dem,Meltem Demir‚óérs,,have i told you i like bitcoin?  whoever put together this video of me saying ‚Äúbitcoin‚Äù over and over and over again in my testimony - i thank you. i love it ‚ù§Ô∏è   https://t.co/3UTxkJGKss,en,[],['https://vimeo.com/348867448'],[],124,193,1709,[],[],https://twitter.com/Melt_Dem/status/1153038430995193857,False,,0,,,,,,,,[],,,,
61,1153023408072011776,1153023408072011776,2019-07-21 15:26:17 Eastern Daylight Time,2019-07-21,15:26:17,-500,918804624303382528,100trillionusd,PlanB,,#bitcoin looks undervalued compared to Gold &amp; Silver  https://t.co/vwrg2oYag2,en,[],[],['https://pbs.twimg.com/media/EABcrMuXoAAvB2t.png'],44,195,670,['bitcoin'],[],https://twitter.com/100trillionUSD/status/1153023408072011776,False,,1,https://pbs.twimg.com/media/EABcrMuXoAAvB2t.png,,,,,,,[],,,,
62,1153010340390690817,1153010340390690817,2019-07-21 14:34:21 Eastern Daylight Time,2019-07-21,14:34:21,-500,1105526394,bloody_osiris,Tim Birkin,,Let‚Äôs travel the world &amp; mine for bitcoin.,en,[],[],[],5,193,865,[],[],https://twitter.com/bloody_osiris/status/1153010340390690817,False,,0,,,,,,,,[],,,,
63,1153009849531338752,1153009849531338752,2019-07-21 14:32:24 Eastern Daylight Time,2019-07-21,14:32:24,-500,1856523530,capitalandceleb,CCN - Capital & Celeb News,,Fiat Money Outpaces Bitcoin 800:1 for Money Laundering: Report  https://t.co/f5B7mnFUVu,en,[],['https://www.ccn.com/news/fiat-money-outpaces-bitcoin-by-8001-for-nefarious-activities-report/2019/07/21/'],[],64,782,1791,[],[],https://twitter.com/CapitalAndCeleb/status/1153009849531338752,False,,0,,,,,,,,[],,,,
64,1152835065811881985,1152835065811881985,2019-07-21 02:57:52 Eastern Daylight Time,2019-07-21,02:57:52,-500,1401247014,edadoun,Eric Dadoun,,Never forget that Bitcoin has a fixed supply ... except for cases where its been forked and a new supply is created but under a different name üßêüòÖüôÑ What is that if not printing new money?   Short fairy tales. Long facts.    https://t.co/8zFXxpZY7M,en,[],['https://www.visualcapitalist.com/major-bitcoin-forks-subway-map'],[],266,251,794,[],[],https://twitter.com/EDadoun/status/1152835065811881985,False,,0,,,,,,,,[],,,,
65,1152690537931124736,1152690537931124736,2019-07-20 17:23:34 Eastern Daylight Time,2019-07-20,17:23:34,-500,20902138,alistairmilne,Alistair Milne,,Total value of all Bitcoin in existence: ~$195billion Total value of fines paid by banks since 2008: &gt;$350billion,en,[],[],[],23,156,571,[],[],https://twitter.com/alistairmilne/status/1152690537931124736,False,https://twitter.com/alistairmilne/status/923429834063216640,0,,,,,,,,[],,,,
66,1152671680826884098,1152671680826884098,2019-07-20 16:08:38 Eastern Daylight Time,2019-07-20,16:08:38,-500,944261020914249729,rhythmtrader,Rhythm,,"Bakkt begins testing on Monday.  The hype is bakkt with substance though.  Unlike other futures exchanges, this is settled in bitcoin.   Hard, actual bitcoin is paid out, not fiat equivalent to the price of bitcoin.  The result is better price discovery and liquidity for bitcoin.",en,[],[],[],51,392,1520,[],[],https://twitter.com/Rhythmtrader/status/1152671680826884098,False,,0,,,,,,,,[],,,,
67,1152662060678955008,1152662060678955008,2019-07-20 15:30:25 Eastern Daylight Time,2019-07-20,15:30:25,-500,895400381852811266,intangiblecoins,Alex Thorn,,"Reminder to newbies:  On Twitter, @btc is bitcoin and @bitcoin is bitcoin cash. Perplexingly, on reddit, r/bitcoin is bitcoin and r/btc is bitcoin cash.   Sorry ü§∑üèº‚Äç‚ôÇÔ∏è",en,"[{'screen_name': 'btc', 'name': 'btc times', 'id': '877155737713209344'}, {'screen_name': 'bitcoin', 'name': 'bitcoin', 'id': '357312062'}]",[],[],45,168,606,[],[],https://twitter.com/intangiblecoins/status/1152662060678955008,False,,0,,,,,,,,[],,,,
68,1152583513381752832,1152583513381752832,2019-07-20 10:18:18 Eastern Daylight Time,2019-07-20,10:18:18,-500,339061487,apompliano,Pomp üå™,,"You can‚Äôt value a network asset like Bitcoin with a financial asset valuation model.  The value drivers are different.   Bitcoin isn‚Äôt driven by revenue, profits, GDP, interest rates, etc.  The value is driven by network effects, both in users and security.",en,[],[],[],111,323,1414,[],[],https://twitter.com/APompliano/status/1152583513381752832,False,,0,,,,,,,,[],,,,
69,1152576632454078464,1152576632454078464,2019-07-20 09:50:57 Eastern Daylight Time,2019-07-20,09:50:57,-500,339061487,apompliano,Pomp üå™,,This week in crypto:  1. Bitcoin defended by Congressmen 2. Bitcoin network settling $3B daily 3. Grin executed first hard fork 4. ZCash conducts‚Äùfriendly fork‚Äù 5. Bitcoin now over 65% dominance 6. Bitcoin still not dead :)  Another week of progress towards the ultimate goal üî•,en,[],[],[],114,414,1919,[],[],https://twitter.com/APompliano/status/1152576632454078464,False,,0,,,,,,,,[],,,,
70,1152401101586620416,1152401101586620416,2019-07-19 22:13:27 Eastern Daylight Time,2019-07-19,22:13:27,-500,22682896,charlieshrem,Charlie Shrem,,I love the expression on people‚Äôs faces when they ask me what the price of #bitcoin will be and I say easily a million dollars,en,[],[],[],131,241,1602,['bitcoin'],[],https://twitter.com/CharlieShrem/status/1152401101586620416,False,,0,,,,,,,,[],,,,
71,1159611351263825922,1159611351263825922,2019-08-08 19:44:25 Eastern Daylight Time,2019-08-08,19:44:25,-500,339061487,apompliano,Pomp üå™,,Bitcoin‚Äôs hashrate hit a new all-time high today.  The most secure computer network in the world just got more secure üî•,en,[],[],[],72,378,1975,[],[],https://twitter.com/APompliano/status/1159611351263825922,False,,0,,,,,,,,[],,,,
72,1159609314413125632,1159609314413125632,2019-08-08 19:36:19 Eastern Daylight Time,2019-08-08,19:36:19,-500,925112851894865920,kashthefuturist,Dr. Kash Sirinanda,,AI animated classics  #AI #IoT #digital #Robotics #Robot #DigitalTransformation #future #technology #TechTrends #analytics #data #VR #4IR #automation #BigData #automate #sensors #cloud #bitcoin #crypto #blockchain #business  https://t.co/dVNNlfZM2Z,en,[],[],[],27,374,675,"['ai', 'iot', 'digital', 'robotics', 'robot', 'digitaltransformation', 'future', 'technology', 'techtrends', 'analytics', 'data', 'vr', '4ir', 'automation', 'bigdata', 'automate', 'sensors', 'cloud', 'bitcoin', 'crypto', 'blockchain', 'business']",[],https://twitter.com/kashthefuturist/status/1159609314413125632,False,,1,https://pbs.twimg.com/ext_tw_video_thumb/1159608813248319488/pu/img/KG5Yf13EYJ6dVHNI.jpg,,,,,,,[],,,,
73,1159564669427888133,1159564669427888133,2019-08-08 16:38:55 Eastern Daylight Time,2019-08-08,16:38:55,-500,902282851499917312,forbescrypto,Forbes Crypto,,"EXCLUSIVE: Blockstream reveals massive bitcoin mining facilities, Fidelity and Reid Hoffman early customers:  https://t.co/xN63POxAHR by @kyletorpey via @Forbes",en,"[{'screen_name': 'kyletorpey', 'name': 'kyle torpey', 'id': '233318165'}, {'screen_name': 'forbes', 'name': 'forbes', 'id': '91478624'}]",['http://www.forbes.com/sites/ktorpey/2019/08/08/blockstream-reveals-massive-bitcoin-mining-facilities-fidelity-an-early-customer/'],[],13,127,271,[],[],https://twitter.com/ForbesCrypto/status/1159564669427888133,False,,0,,,,,,,,[],,,,
74,1159561249165893633,1159561249165893633,2019-08-08 16:25:20 Eastern Daylight Time,2019-08-08,16:25:20,-500,2307692107,blockstream,Blockstream,,"Today we're excited to reveal Blockstream Mining and Pool, providing enterprise-class mining equipment colocation in our US &amp; Canada data centers, and the first-ever #BetterHash mining pool for a stronger, more decentralized #Bitcoin network. üåé‚õèÔ∏è‚õìÔ∏è  https://t.co/sMVTTJNNep  https://t.co/EeQwuqyrB9",en,[],['https://blockstream.com/2019/08/08/en-mining-launch/'],['https://pbs.twimg.com/media/EBeWznOW4AAeira.jpg'],62,259,835,"['betterhash', 'bitcoin']",[],https://twitter.com/Blockstream/status/1159561249165893633,False,,1,https://pbs.twimg.com/media/EBeWznOW4AAeira.jpg,,,,,,,[],,,,
75,1159473204479569927,1159473204479569927,2019-08-08 10:35:28 Eastern Daylight Time,2019-08-08,10:35:28,-500,339061487,apompliano,Pomp üå™,,Bitcoin is the best performing asset in the last decade.,en,[],[],[],122,353,2020,[],[],https://twitter.com/APompliano/status/1159473204479569927,False,,0,,,,,,,,[],,,,
76,1159361634650869760,1159361634650869760,2019-08-08 03:12:08 Eastern Daylight Time,2019-08-08,03:12:08,-500,2207129125,cointelegraph,Cointelegraph,,Bitcoin is becoming a safe haven asset during trade war  https://t.co/pBCKe21nRJ,en,[],['https://cointelegraph.com/news/bitcoin-safe-haven-sucking-in-money-from-china-says-blockchain-executive'],[],30,210,516,[],[],https://twitter.com/Cointelegraph/status/1159361634650869760,False,,0,,,,,,,,[],,,,
77,1159260615988404224,1159260615988404224,2019-08-07 20:30:43 Eastern Daylight Time,2019-08-07,20:30:43,-500,1315481666,petrodivisa,Petro Divisa‚ùÅ,,"El estado venezolano deber√≠a cambiar todos sus d√≥lares en #Yuan, #Euro, #Oro y #Bitcoin, es il√≥gico seguir manteniendo una moneda que es usada para agredir a todo un pa√≠s, esos cuatro activos pueden ayudar a operar de forma m√°s o menos normal todas las necesidades del pa√≠s.",es,[],[],[],44,270,258,"['yuan', 'euro', 'oro', 'bitcoin']",[],https://twitter.com/PetroDivisa/status/1159260615988404224,False,,0,,,,,,,,[],,,,
78,1159193305319714816,1159193305319714816,2019-08-07 16:03:15 Eastern Daylight Time,2019-08-07,16:03:15,-500,339061487,apompliano,Pomp üå™,,Important reminder as we enter the next Bitcoin bull market:  - BTC is very volatile - You can lose all of your money - Only invest what is ok to lose - Twitter is not investment advice - Don't buy BTC with credit cards - Keep low time preference - Do your own research  üôèüèΩüôèüèΩ,en,[],[],[],193,494,2474,[],[],https://twitter.com/APompliano/status/1159193305319714816,False,,0,,,,,,,,[],,,,
79,1159191025115643904,1159191025115643904,2019-08-07 15:54:11 Eastern Daylight Time,2019-08-07,15:54:11,-500,339061487,apompliano,Pomp üå™,,Bank of America believes the Federal Reserve may have to resort back to quantitative easing as early as Q4 this year.  Step 1 was cutting interest rates. Step 2 is printing money. Step 3 will be the Bitcoin halving.  You can‚Äôt write a better script for the rise of Bitcoin üî•,en,[],[],[],73,390,1794,[],[],https://twitter.com/APompliano/status/1159191025115643904,False,,0,,,,,,,,[],,,,
80,1159184314388701185,1159184314388701185,2019-08-07 15:27:31 Eastern Daylight Time,2019-08-07,15:27:31,-500,2799211554,whalepanda,WhalePanda,,"I bought ‚Ç¨1000 worth of gold 4 years. Now it's worth ~‚Ç¨1400. If instead I would have bought ‚Ç¨1000 worth of Bitcoin with it 4 years ago, it would now be worth ~‚Ç¨40,000.",en,[],[],[],107,245,1413,[],[],https://twitter.com/WhalePanda/status/1159184314388701185,False,,0,,,,,,,,[],,,,
81,1159168203563704320,1159168203563704320,2019-08-07 14:23:30 Eastern Daylight Time,2019-08-07,14:23:30,-500,339061487,apompliano,Pomp üå™,,Bitcoin is the currency of the people,en,[],[],[],188,328,2019,[],[],https://twitter.com/APompliano/status/1159168203563704320,False,,0,,,,,,,,[],,,,
82,1159136172880420871,1159136172880420871,2019-08-07 12:16:13 Eastern Daylight Time,2019-08-07,12:16:13,-500,2798855717,teufeursoff,TeufeurS,,Je fais gagner 100‚Ç¨ en bitcoin en 2h rt le tweet follow @TeufeurSoff   @ un pote  https://t.co/MU9UPIhv4G,fr,"[{'screen_name': 'teufeursoff', 'name': 'teufeurs', 'id': '2798855717'}]",[],['https://pbs.twimg.com/tweet_video_thumb/EBYUMDBX4AAxgWB.jpg'],962,980,451,[],[],https://twitter.com/TeufeurSoff/status/1159136172880420871,False,,1,https://pbs.twimg.com/tweet_video_thumb/EBYUMDBX4AAxgWB.jpg,,,,,,,[],,,,
83,1159089649647796224,1159089649647796224,2019-08-07 09:11:21 Eastern Daylight Time,2019-08-07,09:11:21,-500,339061487,apompliano,Pomp üå™,,Central banks around the world are slashing interest rates.  Soon they'll start printing egregious amounts of money.  Bitcoin halving approaching quickly.  Buckle up.  This may get insane.,en,[],[],[],173,740,3353,[],[],https://twitter.com/APompliano/status/1159089649647796224,False,,0,,,,,,,,[],,,,
84,1159081365528358913,1159081365528358913,2019-08-07 08:38:26 Eastern Daylight Time,2019-08-07,08:38:26,-500,917396844761747456,in3rsha,Greg Walker,,A brief history of bitcoin mining.  Source:  https://t.co/Gesx3c14Xp  https://t.co/i0HgrLxJNb,en,[],['https://github.com/in3rsha/bitcoin-mining-distribution'],['https://pbs.twimg.com/tweet_video_thumb/EBXiU2RXUAAv95z.jpg'],17,214,542,[],[],https://twitter.com/in3rsha/status/1159081365528358913,False,,1,https://pbs.twimg.com/tweet_video_thumb/EBXiU2RXUAAv95z.jpg,,,,,,,[],,,,
85,1159076462617645056,1159076338126532610,2019-08-07 08:18:57 Eastern Daylight Time,2019-08-07,08:18:57,-500,2453385626,raoulgmi,Raoul Pal,,"You get the picture.   Sadly, we are at one of the BIGGEST junctures for markets in history. You may disagree with my assessment of the odds. It doesn't matter. But you simply CANNOT ignore the risk.  Bonds. Dollars. Bitcoin and Gold.  Thanks for paying attention.",en,[],[],[],183,356,2302,[],[],https://twitter.com/RaoulGMI/status/1159076462617645056,False,,0,,,,,,,,[],,,,
86,1159076431311323136,1159076338126532610,2019-08-07 08:18:50 Eastern Daylight Time,2019-08-07,08:18:50,-500,2453385626,raoulgmi,Raoul Pal,,"And $BTC #Bitcoin is doing its job of suggesting an alternative system is gaining in probability (it trades like call option on a new system, in my mind). The price moves are so ENORMOUS (and thus the increase in probabilities are so FAST) that you have to use log charts...  https://t.co/ug5bb7P3Lf",en,[],[],['https://pbs.twimg.com/media/EBXd3phXoAALjzT.jpg'],16,207,920,['bitcoin'],['btc'],https://twitter.com/RaoulGMI/status/1159076431311323136,False,,1,https://pbs.twimg.com/media/EBXd3phXoAALjzT.jpg,,,,,,,[],,,,
87,1158870689333436417,1158870689333436417,2019-08-06 18:41:17 Eastern Daylight Time,2019-08-06,18:41:17,-500,497665754,501awani,üá≤üáæAstro AWANIüá≤üáæ,,TNB rugi RM3.2 juta di Kuantan akibat aktiviti Bitcoin  https://t.co/3jbfZzS8Z1 #AWANInews #FajarAWANI  https://t.co/Zcjme3vZuc,in,[],['http://www.astroawani.com/berita-malaysia/tnb-rugi-rm3-2-juta-di-kuantan-akibat-aktiviti-bitcoin-214377'],['https://pbs.twimg.com/media/EBUitueUYAEOmsl.jpg'],19,169,191,"['awaninews', 'fajarawani']",[],https://twitter.com/501Awani/status/1158870689333436417,False,,1,https://pbs.twimg.com/media/EBUitueUYAEOmsl.jpg,,,,,,,[],,,,
88,1158866669009276928,1158866669009276928,2019-08-06 18:25:19 Eastern Daylight Time,2019-08-06,18:25:19,-500,339061487,apompliano,Pomp üå™,,"Public pension plans with $1B+ in assets targeted 7.25% long-term return last year.  They missed the target and had a median return of 6.79%.  If they had 1% of their assets in Bitcoin, those public pension plans would have hit the target.  Everyone must get off zero! üôèüèΩ",en,[],[],[],71,272,1498,[],[],https://twitter.com/APompliano/status/1158866669009276928,False,,0,,,,,,,,[],,,,
89,1158830602264535040,1158830602264535040,2019-08-06 16:02:00 Eastern Daylight Time,2019-08-06,16:02:00,-500,20402945,cnbc,CNBC,,"Bitcoin has been on an ""amazing run"" lately ‚Äî So amazing that one CEO argues it will become part of a lot of hedge funds' portfolios.  https://t.co/JZSCDVwzbb  https://t.co/88zHiQJ8F5",en,[],['https://cnb.cx/2KqZ70J'],[],25,168,435,[],[],https://twitter.com/CNBC/status/1158830602264535040,False,,1,https://pbs.twimg.com/media/EBSeCMQX4AMUt8k.jpg,,,,,,,[],,,,
90,1158816761527046145,1158816761527046145,2019-08-06 15:07:00 Eastern Daylight Time,2019-08-06,15:07:00,-500,20402945,cnbc,CNBC,,"Is Bitcoin a good hedge against global turmoil? Anthony Pompliano, co-founder and partner at Morgan Creek Digital Assets, makes the case.  https://t.co/JZSCDVeYjD  https://t.co/yIGNU1i5jO",en,[],['https://cnb.cx/2KqZ70J'],[],75,231,829,[],[],https://twitter.com/CNBC/status/1158816761527046145,False,,1,https://pbs.twimg.com/media/EBSZjvsXsAAceKR.jpg,,,,,,,[],,,,
91,1158815905754652672,1158815905754652672,2019-08-06 15:03:36 Eastern Daylight Time,2019-08-06,15:03:36,-500,176758255,rogerkver,Roger Ver,,Bitcoin Cash is Lightning fast.  https://t.co/ra9WVvsFDm,en,[],[],[],301,262,1204,[],[],https://twitter.com/rogerkver/status/1158815905754652672,False,,1,https://pbs.twimg.com/ext_tw_video_thumb/1158815868110794752/pu/img/l5szEQ4tye6e2DEb.jpg,,,,,,,[],,,,
92,1158814164539891712,1158814164539891712,2019-08-06 14:56:41 Eastern Daylight Time,2019-08-06,14:56:41,-500,339061487,apompliano,Pomp üå™,,"Bitcoin has more availability, faster settlement times, and cheaper fees than most bank wires.  But the detractors are right...Bitcoin has no value! üòÇü§∑üèΩ‚Äç‚ôÇÔ∏è",en,[],[],[],89,137,919,[],[],https://twitter.com/APompliano/status/1158814164539891712,False,,0,,,,,,,,[],,,,
93,1158718880451301377,1158718880451301377,2019-08-06 08:38:03 Eastern Daylight Time,2019-08-06,08:38:03,-500,23618940,lopp,Jameson Lopp,,Bitcoin HODL stages: 1. Your friends &amp; family are annoyed you won't stop evangelizing Bitcoin. 2. Your friends &amp; family are glad they didn't listen to you b/c Bitcoin crashed. 3. Your friends and family are upset that you didn't do a better job convincing them to adopt Bitcoin.,en,[],[],[],93,458,2230,[],[],https://twitter.com/lopp/status/1158718880451301377,False,,0,,,,,,,,[],,,,
94,1158703083196682240,1158703083196682240,2019-08-06 07:35:17 Eastern Daylight Time,2019-08-06,07:35:17,-500,339061487,apompliano,Pomp üå™,,"""We are now at a point where I would argue that it is irresponsible for an investor to have 0% exposure to Bitcoin in their portfolio.""   https://t.co/KFFQY1LT7w",en,[],['https://offthechain.substack.com/p/it-is-becoming-irresponsible-to-have'],[],103,443,1718,[],[],https://twitter.com/APompliano/status/1158703083196682240,False,,0,,,,,,,,[],,,,
95,1158696037734703104,1158696037734703104,2019-08-06 07:07:17 Eastern Daylight Time,2019-08-06,07:07:17,-500,369035526,hillmie93,Hillmie Mallique_Awani,,Premis Bitcoin jadi lubuk kegiatan curi bekalan elektrik secara haram. Laporan penuh menerusi Awani 7.45 bersama saya #TNB #Bitcoin #Curielektrik @501Awani  https://t.co/EN3T48Q1iA,in,"[{'screen_name': '501awani', 'name': 'üá≤üáæastro awaniüá≤üáæ', 'id': '497665754'}]",[],[],34,501,348,"['tnb', 'bitcoin', 'curielektrik']",[],https://twitter.com/hillmie93/status/1158696037734703104,False,,1,https://pbs.twimg.com/ext_tw_video_thumb/1158695951621451778/pu/img/4CyviFnpAcaEDF8i.jpg,,,,,,,[],,,,
96,1158632015132004352,1158632015132004352,2019-08-06 02:52:53 Eastern Daylight Time,2019-08-06,02:52:53,-500,986993196675883009,aibcsummit,AIBC Summit,,üéÅ FREE Giveaways! üéÅ  We've got 5 üñêüèª Ledger Nano S cryptocurrency hardware wallets to give away.  All you need to do is:  1. Follow us on Twitter 2. Retweet this tweet 3. Tag a friend We‚Äôll pick five random winners from this thread! #blockchain #Crypto #bitcoin #cryptocurrency  https://t.co/gOw2F3fn21,en,[],[],[],463,281,329,"['blockchain', 'crypto', 'bitcoin', 'cryptocurrency']",[],https://twitter.com/AIBCsummit/status/1158632015132004352,False,,1,https://pbs.twimg.com/ext_tw_video_thumb/1158631983356043265/pu/img/t4VgBOq-eD3PagL1.jpg,,,,,,,[],,,,
97,1158559010381021184,1158559010381021184,2019-08-05 22:02:47 Eastern Daylight Time,2019-08-05,22:02:47,-500,20884310,timdraper,Tim Draper,,Nasdaq down 3.4% Dow down 2.9%. Bitcoin up 3.2%. Bitcoin may be a remarkable hedge. #bitcoin,en,[],[],[],61,388,1903,['bitcoin'],[],https://twitter.com/TimDraper/status/1158559010381021184,False,,0,,,,,,,,[],,,,
98,1158515848912527361,1158515848912527361,2019-08-05 19:11:17 Eastern Daylight Time,2019-08-05,19:11:17,-500,339061487,apompliano,Pomp üå™,,‚ÄúInvestors flee to Bitcoin‚Äù   THE VIRUS IS SPREADING üî•  https://t.co/wkmwZ5pXxi,en,[],[],['https://pbs.twimg.com/media/EBPgBbwXsAA8dJ1.jpg'],111,542,2166,[],[],https://twitter.com/APompliano/status/1158515848912527361,False,,1,https://pbs.twimg.com/media/EBPgBbwXsAA8dJ1.jpg,,,,,,,[],,,,
99,1158503509265981440,1158503509265981440,2019-08-05 18:22:15 Eastern Daylight Time,2019-08-05,18:22:15,-500,339061487,apompliano,Pomp üå™,,"BREAKING: The US Treasury has designated China as a currency manipulator.  We haven‚Äôt designated a major trade partner a currency manipulator since 1994.  Meanwhile, Bitcoin keeps producing block after block after block after block...",en,[],[],[],122,483,2581,[],[],https://twitter.com/APompliano/status/1158503509265981440,False,,0,,,,,,,,[],,,,
100,1158497585386143749,1158497585386143749,2019-08-05 17:58:42 Eastern Daylight Time,2019-08-05,17:58:42,-500,2648357839,fundstrat,Thomas (Tom) Lee (not the drummer) FSInsight,,Bitcoin is proving itself to be a valid macro hedge. That is a change in its character this year and sets it up for new highs.,en,[],[],[],29,205,855,[],[],https://twitter.com/fundstrat/status/1158497585386143749,False,https://twitter.com/CNBCFastMoney/status/1158494222774919168,0,,,,,,,,[],,,,
101,1158494222774919168,1158494222774919168,2019-08-05 17:45:21 Eastern Daylight Time,2019-08-05,17:45:21,-500,16732770,cnbcfastmoney,CNBC's Fast Money,,"Bitcoin will rally to new highs as market mayhem continues, says @fundstrat's Tom Lee. Here's why.  https://t.co/SYDmaEcjIj",en,"[{'screen_name': 'fundstrat', 'name': 'thomas (tom) lee (not the drummer) fsinsight', 'id': '2648357839'}]",[],[],70,287,958,[],[],https://twitter.com/CNBCFastMoney/status/1158494222774919168,False,,1,https://pbs.twimg.com/media/EBPMWjtXoAA-e8z.jpg,,,,,,,[],,,,
102,1158474753427963904,1158474753427963904,2019-08-05 16:27:59 Eastern Daylight Time,2019-08-05,16:27:59,-500,47003920,jchervinsky,Jake Chervinsky,,"Bitcoin is doing exactly what it's designed for today:  - Fed cuts interest rates, making money cheaper - China devalues yuan, escalating currency war - Dow falls 760 points, losing January 2018 highs - Bitcoin rises 7.5%  If you're surprised, you haven't been paying attention.",en,[],[],[],53,711,2494,[],[],https://twitter.com/jchervinsky/status/1158474753427963904,False,,0,,,,,,,,[],,,,
103,1158469665045307392,1158469665045307392,2019-08-05 16:07:46 Eastern Daylight Time,2019-08-05,16:07:46,-500,944261020914249729,rhythmtrader,Rhythm,,Fiat addicts you to ùòÄùóΩùó≤ùóªùó±ùó∂ùóªùó¥.  Bitcoin addicts you to ùòÄùóÆùòÉùó∂ùóªùó¥.,en,[],[],[],32,184,1007,[],[],https://twitter.com/Rhythmtrader/status/1158469665045307392,False,,0,,,,,,,,[],,,,
104,1158462591062220802,1158462591062220802,2019-08-05 15:39:39 Eastern Daylight Time,2019-08-05,15:39:39,-500,339061487,apompliano,Pomp üå™,,"REMINDER: Bitcoin is a non-correlated, asymmetric return asset that has the potential to perform well during times of global instability.",en,[],[],[],40,200,1038,[],[],https://twitter.com/APompliano/status/1158462591062220802,False,,0,,,,,,,,[],,,,
105,1158449191300956161,1158449191300956161,2019-08-05 14:46:24 Eastern Daylight Time,2019-08-05,14:46:24,-500,2568108282,nickszabo4,Nick Szabo,,"Gold and Bitcoin also hedge against inflation, never pay negative interest, and when held directly are not subject to haircuts and do not depend on strangers keeping their promises.",en,[],[],[],20,198,684,[],[],https://twitter.com/NickSzabo4/status/1158449191300956161,False,https://twitter.com/Schuldensuehner/status/1158283652733788167,0,,,,,,,,[],,,,
106,1158437588736176128,1158437588736176128,2019-08-05 14:00:18 Eastern Daylight Time,2019-08-05,14:00:18,-500,2298103730,btcsessions,BTC Sessions üòé,,"This morning someone tried to scam me out of #bitcoin on Instagram. I turned it around on them, scammed them out of money, and donated it to @btcven. What a wonderful day. Enjoy our conversation here:  https://t.co/ZfeLhpXjDE",en,"[{'screen_name': 'btcven', 'name': 'bitcoin venezuela ‚ö°Ô∏è', 'id': '901796180'}]",['https://www.btcsessions.ca/post/scamming-bitcoin-scammers-for-charity'],[],347,398,2386,['bitcoin'],[],https://twitter.com/BTCsessions/status/1158437588736176128,False,,0,,,,,,,,[],,,,
107,1158432129249894400,1158432129249894400,2019-08-05 13:38:36 Eastern Daylight Time,2019-08-05,13:38:36,-500,339061487,apompliano,Pomp üå™,,Bitcoin is already available. ü§∑üèΩ‚Äç‚ôÇÔ∏è,en,[],[],[],288,296,1668,[],[],https://twitter.com/APompliano/status/1158432129249894400,False,https://twitter.com/CNBCnow/status/1158431388082855936,0,,,,,,,,[],,,,
108,1158429131727675393,1158429131727675393,2019-08-05 13:26:42 Eastern Daylight Time,2019-08-05,13:26:42,-500,1114550953829699584,rosaryyti,Rosa-Maria Ryyti‚ö°Ô∏è,,"Bitcoins stock-to-flow ratio is going higher every 4 years. Atm we‚Äôre at a ratio of over 25. The only asset higher than that is gold (~60). We‚Äôre only 9 months away from the next #Bitcoin block reward halving.  Whatever you‚Äôre doing right now, stop &amp; #stacksats.  https://t.co/crAuOY8rE1",en,[],[],['https://pbs.twimg.com/media/EBORJs0WwAERuPs.jpg'],136,140,1129,"['bitcoin', 'stacksats']",[],https://twitter.com/RosaRyyti/status/1158429131727675393,False,,1,https://pbs.twimg.com/media/EBORJs0WwAERuPs.jpg,,,,,,,[],,,,
109,1158383053426831360,1158383053426831360,2019-08-05 10:23:36 Eastern Daylight Time,2019-08-05,10:23:36,-500,20374262,maxkeiser,üá∏üáª BITCOIN AMBASSADOR üåã,,"Oil, stocks, $USD down. Sovereign debt defaulting.   #Bitcoin, Gold, Silver, up.   GFC redux is here. A major bank is about to collapse; with ensuing contagion.   Fiat cash will be rationed.   Are you ready?",en,[],[],[],29,162,513,['bitcoin'],['usd'],https://twitter.com/maxkeiser/status/1158383053426831360,False,,0,,,,,,,,[],,,,
110,1158346574302498817,1158346574302498817,2019-08-05 07:58:39 Eastern Daylight Time,2019-08-05,07:58:39,-500,339061487,apompliano,Pomp üå™,,Important message as we enter the next Bitcoin bull market:  - BTC is very volatile - You can lose all of your money - Only invest what is ok to lose - Twitter is not investment advice - Don't buy BTC with credit cards - Keep low time preference - Do your own research  üôèüèΩüôèüèΩ,en,[],[],[],319,1039,4529,[],[],https://twitter.com/APompliano/status/1158346574302498817,False,,0,,,,,,,,[],,,,
111,1158336911095844865,1158336911095844865,2019-08-05 07:20:15 Eastern Daylight Time,2019-08-05,07:20:15,-500,14312300,jhamel,Jonathan Hamel,,"There is no ""cryptoassets"". There is Bitcoin and there is noise.  https://t.co/G1dqnjWl34",en,[],[],['https://pbs.twimg.com/media/EBM9R44WwAAtDql.jpg'],90,270,1164,[],[],https://twitter.com/jhamel/status/1158336911095844865,False,,1,https://pbs.twimg.com/media/EBM9R44WwAAtDql.jpg,,,,,,,[],,,,
112,1158334764681744386,1158334764681744386,2019-08-05 07:11:43 Eastern Daylight Time,2019-08-05,07:11:43,-500,546798894,mooreforall,Tanner,,I got an email saying someone filmed me on my webcam pleasuring myself and if i don't pay em in bitcoin they'll post it on all my social media. So my bad y'all gonna have to see that,en,[],[],[],11,100,233,[],[],https://twitter.com/MooreForAll/status/1158334764681744386,False,,0,,,,,,,,[],,,,
113,1158328467164999680,1158328467164999680,2019-08-05 06:46:41 Eastern Daylight Time,2019-08-05,06:46:41,-500,1431204614,trezor,Trezor,,Litecoin‚Äôs halving is a perfect reminder that you better hurry up to own some Bitcoin today before it halves.   Plan your future wisely.,en,[],[],[],48,132,610,[],[],https://twitter.com/Trezor/status/1158328467164999680,False,,0,,,,,,,,[],,,,
114,1158283652733788167,1158283652733788167,2019-08-05 03:48:37 Eastern Daylight Time,2019-08-05,03:48:37,-500,40129171,schuldensuehner,Holger Zschaepitz,,"#Gold and #Bitcoin keep surging in tandem amid Risk Off mood and as yields fall around the world. Because neither gold nor Bitcoin pay interest, they become more attractive as low yields make bonds less appealing, BBG‚Äòs Goodman says.  https://t.co/QNDjAt9vIm",en,[],[],['https://pbs.twimg.com/media/EBMM1uvXUAAjeXB.jpg'],16,171,327,"['gold', 'bitcoin']",[],https://twitter.com/Schuldensuehner/status/1158283652733788167,False,,1,https://pbs.twimg.com/media/EBMM1uvXUAAjeXB.jpg,,,,,,,[],,,,
115,1158228833960640514,1158228833960640514,2019-08-05 00:10:47 Eastern Daylight Time,2019-08-05,00:10:47,-500,1156297654227341312,relevantpeter,Relevant Peter Schiff,,"If you aren't paying attention to what's going on with China's banks and currency, Hong Kong's imminent takeover, Japan's central bank albatross, the ECB's downhill slide, and our domestic pressures to print money and cut rates, this is your wakeup call. Buy some fucking bitcoin.",en,[],[],[],51,228,1273,[],[],https://twitter.com/RelevantPeter/status/1158228833960640514,False,,0,,,,,,,,[],,,,
116,1158217451768823808,1158217451768823808,2019-08-04 23:25:33 Eastern Daylight Time,2019-08-04,23:25:33,-500,1333467482,coindesk,CoinDesk,,JUST IN: The total computing power now dedicated to securing the bitcoin blockchain has set yet another record as new and more powerful mining machines are going online.   Report by @WolfieZhao    https://t.co/hsQ9YRhCa9,en,"[{'screen_name': 'wolfiezhao', 'name': 'wolfie zhao', 'id': '727695518516776960'}]",['http://ow.ly/qxhm50vnsXm'],[],26,208,434,[],[],https://twitter.com/CoinDesk/status/1158217451768823808,False,,0,,,,,,,,[],,,,
117,1158212928862134272,1158212928862134272,2019-08-04 23:07:35 Eastern Daylight Time,2019-08-04,23:07:35,-500,20374262,maxkeiser,üá∏üáª BITCOIN AMBASSADOR üåã,,"Fiat chaos engulfing global economy. A perfect storm for #Bitcoin ‚Äî up $1,000 since I mentioned earlier today; my gut feeling is, we see $15,000 this week.",en,[],[],[],30,154,789,['bitcoin'],[],https://twitter.com/maxkeiser/status/1158212928862134272,False,,0,,,,,,,,[],,,,
118,1158210341303652353,1158210341303652353,2019-08-04 22:57:18 Eastern Daylight Time,2019-08-04,22:57:18,-500,339061487,apompliano,Pomp üå™,,UPDATE: Bitcoin is performing as designed during times of global instability.,en,[],[],[],106,510,2882,[],[],https://twitter.com/APompliano/status/1158210341303652353,False,,0,,,,,,,,[],,,,
119,1158202953364365314,1158202953364365314,2019-08-04 22:27:57 Eastern Daylight Time,2019-08-04,22:27:57,-500,2648357839,fundstrat,Thomas (Tom) Lee (not the drummer) FSInsight,,Bitcoin is forming the ‚Äòheck yeah!‚Äô pattern.   - HODL and focus on the long term.  #cryptowinterisover #BTFD  https://t.co/5QUL4I48Wd,en,[],[],[],52,142,731,"['cryptowinterisover', 'btfd']",[],https://twitter.com/fundstrat/status/1158202953364365314,False,,1,https://pbs.twimg.com/ext_tw_video_thumb/1158202936087973890/pu/img/1FVSHwk5woOEdvBl.jpg,,,,,,,[],,,,
120,1158189537258016768,1158189537258016768,2019-08-04 21:34:38 Eastern Daylight Time,2019-08-04,21:34:38,-500,58487473,cryptomanran,Ran NeuNer,,"China markets down 0,5% Hong Kong Down 1,5% Dow futures down 125 points. Bitcoin up 5%.  We are entering a new cycle where Investors are moving into Bitcoin when equity markets fall.  https://t.co/rZ3xvDEJNh",en,[],[],['https://pbs.twimg.com/media/EBK3PrRWsAA0omq.jpg'],35,196,781,[],[],https://twitter.com/cryptomanran/status/1158189537258016768,False,,1,https://pbs.twimg.com/media/EBK3PrRWsAA0omq.jpg,,,,,,,[],,,,
121,1158168153987457025,1158168153987457025,2019-08-04 20:09:40 Eastern Daylight Time,2019-08-04,20:09:40,-500,2207129125,cointelegraph,Cointelegraph,,"Bitcoin will break $15,000 this week, according to Max Keiser, a former Wall Street trader and host of the Keiser Report  https://t.co/6GLrx7XZQ2",en,[],['https://cointelegraph.com/news/keiser-bitcoin-could-cross-15-000-this-week-no-trust-in-centralization'],[],39,319,996,[],[],https://twitter.com/Cointelegraph/status/1158168153987457025,False,,0,,,,,,,,[],,,,
122,1158162412392108032,1158162412392108032,2019-08-04 19:46:51 Eastern Daylight Time,2019-08-04,19:46:51,-500,1194984822,goingparabolic,Jason Williams üöÄ,,Retweet if you held through the bear market ü§Øü§Øü§Ø  (Alts and or Bitcoin),en,[],[],[],30,235,620,[],[],https://twitter.com/GoingParabolic/status/1158162412392108032,False,,0,,,,,,,,[],,,,
123,1158127497260589056,1158127497260589056,2019-08-04 17:28:06 Eastern Daylight Time,2019-08-04,17:28:06,-500,947567484533596160,alexcobb_,Alex Cobb,," https://t.co/sbKQ5GHjwU #XRP Is The Fastest Way To Send #Bitcoin. When Bitcoin can‚Äôt handle its transactions the XRPL can handle them. PoW clearly has scaling limitations, they are going to need another way to send it.",en,[],['https://thexrpdaily.com/index.php/2019/08/04/xrp-is-the-fastest-way-to-send-bitcoin-there-is-proof/'],[],18,156,527,"['xrp', 'bitcoin']",[],https://twitter.com/AlexCobb_/status/1158127497260589056,False,,0,,,,,,,,[],,,,
124,1158070406760341510,1158070406760341510,2019-08-04 13:41:15 Eastern Daylight Time,2019-08-04,13:41:15,-500,944261020914249729,rhythmtrader,Rhythm,,"If Bitcoin is a get-rich-quick-scheme, then fiat is a get-poor-slow-scheme.",en,[],[],[],18,165,813,[],[],https://twitter.com/Rhythmtrader/status/1158070406760341510,False,,0,,,,,,,,[],,,,
125,1158060469283893249,1158060469283893249,2019-08-04 13:01:46 Eastern Daylight Time,2019-08-04,13:01:46,-500,20374262,maxkeiser,üá∏üáª BITCOIN AMBASSADOR üåã,,"If you own a gun, but no #Bitcoin, you‚Äôre still a slave. Sorry.",en,[],[],[],46,149,963,['bitcoin'],[],https://twitter.com/maxkeiser/status/1158060469283893249,False,,0,,,,,,,,[],,,,
126,1158040040578195458,1158040040578195458,2019-08-04 11:40:35 Eastern Daylight Time,2019-08-04,11:40:35,-500,339061487,apompliano,Pomp üå™,,Bitcoin has exposed how few people in the legacy financial markets understand the virality and network effects of money,en,[],[],[],67,195,1205,[],[],https://twitter.com/APompliano/status/1158040040578195458,False,,0,,,,,,,,[],,,,
127,1158035334065774596,1158035334065774596,2019-08-04 11:21:53 Eastern Daylight Time,2019-08-04,11:21:53,-500,2207129125,cointelegraph,Cointelegraph,,Multiple metrics suggest Bitcoin is back on the path to a new all-time high  https://t.co/8YcrumJ916,en,[],['https://cointelegraph.com/news/multiple-metrics-make-the-bullish-case-for-bitcoin'],[],11,193,507,[],[],https://twitter.com/Cointelegraph/status/1158035334065774596,False,,0,,,,,,,,[],,,,
128,1158026421438210049,1158026421438210049,2019-08-04 10:46:28 Eastern Daylight Time,2019-08-04,10:46:28,-500,1856523530,capitalandceleb,CCN - Capital & Celeb News,,"Bitcoin to Crack $15,000 This Week amid Waning Trust in Fiat: Max Keiser  https://t.co/Xg1nprS1gw",en,[],['https://www.ccn.com/news/bitcoin-to-crack-%2415%2C000-amid-waning-confidence-in-fiat%3A-max-keiser/2019/08/04/'],[],23,202,603,[],[],https://twitter.com/CapitalAndCeleb/status/1158026421438210049,False,,0,,,,,,,,[],,,,
129,1157988626199973889,1157988626199973889,2019-08-04 08:16:17 Eastern Daylight Time,2019-08-04,08:16:17,-500,339061487,apompliano,Pomp üå™,,"I want everyone to learn about Bitcoin.   Because of that, I‚Äôm giving away 10 free subscriptions to the newsletter I write to institutional investors about the industry every morning.  Retweet this tweet and I‚Äôll select 10 people. Knowledge is power!   https://t.co/4kI0JLsPfL",en,[],['http://offthechain.substack.com'],[],326,4007,2941,[],[],https://twitter.com/APompliano/status/1157988626199973889,False,,0,,,,,,,,[],,,,
130,1157939368230883329,1157939368230883329,2019-08-04 05:00:33 Eastern Daylight Time,2019-08-04,05:00:33,-500,1333467482,coindesk,CoinDesk,,"From experimenting with zcash in the Bronx to rogue bitcoin contributors, these teens are shaping the future of cryptocurrency.  Report by @La__Cuen  https://t.co/lTxUS0EN8I",en,"[{'screen_name': 'la__cuen', 'name': 'leigh cuen', 'id': '416161639'}]",['http://ow.ly/bsAX50vmMXw'],[],16,138,424,[],[],https://twitter.com/CoinDesk/status/1157939368230883329,False,,0,,,,,,,,[],,,,
131,1157881188914085888,1157881188914085888,2019-08-04 01:09:22 Eastern Daylight Time,2019-08-04,01:09:22,-500,918804624303382528,100trillionusd,PlanB,,"After each #bitcoin all time high (ATH) we saw a downward difficulty adjustment. In the chart the lowest monthly difficulty level (blue) is reset to 100% .. and seems to be an objective start of the next bull run (green/yellow), with 100x opportunity. Just started a new run ...üöÄ  https://t.co/EN8q97NKze",en,[],[],['https://pbs.twimg.com/media/EBGezSKUIAA3mg1.png'],66,657,1891,['bitcoin'],[],https://twitter.com/100trillionUSD/status/1157881188914085888,False,,1,https://pbs.twimg.com/media/EBGezSKUIAA3mg1.png,,,,,,,[],,,,
132,1157733957993209856,1157733957993209856,2019-08-03 15:24:19 Eastern Daylight Time,2019-08-03,15:24:19,-500,20374262,maxkeiser,üá∏üáª BITCOIN AMBASSADOR üåã,,"I‚Äôm sensing #Bitcoin will cross $15,000 this week. Confidence in central governments, central banks, and centralized, fiat money is at a multi-decade low.",en,[],[],[],91,297,1374,['bitcoin'],[],https://twitter.com/maxkeiser/status/1157733957993209856,False,,0,,,,,,,,[],,,,
133,1157724071616008192,1157724071616008192,2019-08-03 14:45:02 Eastern Daylight Time,2019-08-03,14:45:02,-500,339061487,apompliano,Pomp üå™,,Bitcoin will never go to zero.,en,[],[],[],317,297,2413,[],[],https://twitter.com/APompliano/status/1157724071616008192,False,,0,,,,,,,,[],,,,
134,1157720297388281856,1157720297388281856,2019-08-03 14:30:02 Eastern Daylight Time,2019-08-03,14:30:02,-500,339061487,apompliano,Pomp üå™,,S&amp;P 500 YTD: 17% Bitcoin YTD: 184%  Bitcoin performance has 10x'd stocks through the first 7 months of the year üî•,en,[],[],[],48,234,1015,[],[],https://twitter.com/APompliano/status/1157720297388281856,False,,0,,,,,,,,[],,,,
135,1157683992730058752,1157683992730058752,2019-08-03 12:05:47 Eastern Daylight Time,2019-08-03,12:05:47,-500,941941398093250560,cryptogodfatha,Crypto Godfather,,Sometimes I think..  I should just buy $BTC and only Bitcoin.  But then I get greedy and go all in on alts.  Retweet if you know the feeling.,en,[],[],[],77,319,1256,[],['btc'],https://twitter.com/CryptoGodfatha/status/1157683992730058752,False,,0,,,,,,,,[],,,,
136,1157667091719380992,1157667091719380992,2019-08-03 10:58:37 Eastern Daylight Time,2019-08-03,10:58:37,-500,906870773066772480,bitmexresearch,BitMEX Research,,Bitcoin SV appears to have had a 210MB block. This may have sent our node offline and we are struggling to restart it. Other Bitcoin SV block explorers also appear to be down   https://t.co/T3h2rLCGpx  https://t.co/xQ2wnfik7H  https://t.co/i2BOhHLk2S  https://t.co/ZGHNiTq5MJ  https://t.co/MMDUTGqCik,en,[],"['https://forkmonitor.info/nodes/bsv', 'https://bsvexplorer.info/', 'https://hugeblock.info/', 'https://bchsv.tokenview.com/en/blocklist']","['https://pbs.twimg.com/media/EBDcFC-WkAAc84T.jpg', 'https://pbs.twimg.com/media/EBDcFDGWsAAygHy.jpg', 'https://pbs.twimg.com/media/EBDcFC7W4AASHBi.jpg', 'https://pbs.twimg.com/media/EBDcFDXXsAQsj4_.jpg']",87,107,420,[],[],https://twitter.com/BitMEXResearch/status/1157667091719380992,False,,1,https://pbs.twimg.com/media/EBDcFC-WkAAc84T.jpg,,,,,,,[],,,,
137,1157636997206253568,1157636997206253568,2019-08-03 08:59:02 Eastern Daylight Time,2019-08-03,08:59:02,-500,145947376,onemanatatime,"Alunaut (üåé, üåé)",,"Bitcoin at $1: it'll never go to $10.  Bitcoin at $10: it'll never go to $100.  Bitcoin at $100: it'll never go to $1000.  Bitcoin at $1000: it'll never go to $10,000.  Bitcoin at $10,000: it'll never go to $100,000.  Never say never.",en,[],[],[],88,438,1793,[],[],https://twitter.com/onemanatatime/status/1157636997206253568,False,,0,,,,,,,,[],,,,
138,1157630791356227586,1157630791356227586,2019-08-03 08:34:23 Eastern Daylight Time,2019-08-03,08:34:23,-500,339061487,apompliano,Pomp üå™,,This week in crypto:  1. Square sold $125M BTC in Q2 2. Walmart patenting a stable coin 3. Grayscale using Coinbase Custody 4. S Korea starts regulation free zone 5. Kraken acquires Interchange 6. Lolli partners w/ Safeway &amp; Udemy 7. Bitcoin still not dead :)  Onwards!,en,[],[],[],237,677,2922,[],[],https://twitter.com/APompliano/status/1157630791356227586,False,,0,,,,,,,,[],,,,
139,1157450731613351936,1157450731613351936,2019-08-02 20:38:53 Eastern Daylight Time,2019-08-02,20:38:53,-500,14106266,sthenc,Stephen Cole,,I saw governments spending trillions of dollars bombing people on the other side of the world and realized my savings had been debased to fund it.  Bitcoin solves this.,en,[],[],[],16,231,1064,[],[],https://twitter.com/sthenc/status/1157450731613351936,False,https://twitter.com/APompliano/status/1157446777123065856,0,,,,,,,,[],,,,
140,1157421464674549762,1157421464674549762,2019-08-02 18:42:35 Eastern Daylight Time,2019-08-02,18:42:35,-500,339061487,apompliano,Pomp üå™,,‚ÄúBitcoin is a peaceful protest‚Äù  I can‚Äôt stop thinking about this statement.,en,[],[],[],138,449,2535,[],[],https://twitter.com/APompliano/status/1157421464674549762,False,,0,,,,,,,,[],,,,
141,1157362041209970691,1157362041209970691,2019-08-02 14:46:28 Eastern Daylight Time,2019-08-02,14:46:28,-500,971046392872521730,trylolli,Lolli üç≠,,"üç≠BITCOIN GIVEAWAYüç≠   We're giving away 1,000,000 Sats to Lolli users this Stacking Sats Saturday!   TO ENTER: üíúReply with your favorite Lolli merchant!  üíúLike &amp; RT this tweet üíúTag 3 friends üíúFollow @trylolli",en,"[{'screen_name': 'trylolli', 'name': 'lolli üç≠', 'id': '971046392872521730'}]",[],[],357,231,408,[],[],https://twitter.com/trylolli/status/1157362041209970691,False,,0,,,,,,,,[],,,,
142,1157339079467552769,1157339079467552769,2019-08-02 13:15:13 Eastern Daylight Time,2019-08-02,13:15:13,-500,497262990,jchatterleycnn,Julia Chatterley,,FULL interview with @APompliano below. #Bitcoin  https://t.co/wRS5HYNrKg,en,"[{'screen_name': 'apompliano', 'name': 'pomp üå™', 'id': '339061487'}]",[],[],150,652,2209,['bitcoin'],[],https://twitter.com/jchatterleyCNN/status/1157339079467552769,False,,1,https://pbs.twimg.com/amplify_video_thumb/1157338485252141057/img/DZVSX4hNSYR46Zbi.jpg,,,,,,,[],,,,
143,1157289951274229760,1157289951274229760,2019-08-02 10:00:00 Eastern Daylight Time,2019-08-02,10:00:00,-500,1598709350,danheld,Dan Held,,"PoW is about physics, not code. Bitcoin is a super commodity, minted from energy, the fundamental commodity of the universe. PoW transmutes electricity into digital gold.",en,[],[],[],30,163,549,[],[],https://twitter.com/danheld/status/1157289951274229760,False,,0,,,,,,,,[],,,,
144,1157271973241769985,1157271973241769985,2019-08-02 08:48:34 Eastern Daylight Time,2019-08-02,08:48:34,-500,339061487,apompliano,Pomp üå™,,"If you can look past the politics, you can start to see it becoming cool for powerful people to come out as vocal Bitcoin supporters...",en,[],[],[],72,141,776,[],[],https://twitter.com/APompliano/status/1157271973241769985,False,https://twitter.com/SquawkCNBC/status/1157265803571531778,0,,,,,,,,[],,,,
145,1157271289570234368,1157271289570234368,2019-08-02 08:45:51 Eastern Daylight Time,2019-08-02,08:45:51,-500,553036368,joesquawk,Joe Kernen,,Bitcoin Bannon,en,[],[],[],50,147,849,[],[],https://twitter.com/JoeSquawk/status/1157271289570234368,False,https://twitter.com/SquawkCNBC/status/1157265803571531778,0,,,,,,,,[],,,,
146,1157264551223668736,1157264551223668736,2019-08-02 08:19:04 Eastern Daylight Time,2019-08-02,08:19:04,-500,1856523530,capitalandceleb,CCN - Capital & Celeb News,,"Bitcoin Price Will Hit $100,000 in Just 30 Months: Morgan Creek  https://t.co/e8H0X3IEyD",en,[],"['https://www.ccn.com/news/bitcoin-price-will-hit-$100,000-in-just-30-months:-morgan-creek/2019/08/01/']",[],44,175,569,[],[],https://twitter.com/CapitalAndCeleb/status/1157264551223668736,False,,0,,,,,,,,[],,,,
147,1157249394435137537,1157249394435137537,2019-08-02 07:18:50 Eastern Daylight Time,2019-08-02,07:18:50,-500,2453385626,raoulgmi,Raoul Pal,,$BTC #Bitcoin is a rocket ship on the launch pad...very much lining up with the big macro picture.... It appears bitcoin is a great macro asset too right now  https://t.co/00W7HgmXIL,en,[],[],['https://pbs.twimg.com/media/EA9gMH-XYAIHP8d.jpg'],35,156,629,['bitcoin'],['btc'],https://twitter.com/RaoulGMI/status/1157249394435137537,False,,1,https://pbs.twimg.com/media/EA9gMH-XYAIHP8d.jpg,,,,,,,[],,,,
148,1157190839904477186,1157190839904477186,2019-08-02 03:26:10 Eastern Daylight Time,2019-08-02,03:26:10,-500,20902138,alistairmilne,Alistair Milne,,Woke up to this headline in the UK's most read newspaper... #bitcoin  https://t.co/RE8bFnjqMU,en,[],[],['https://pbs.twimg.com/media/EA8q7pNWsAIeTpn.jpg'],80,295,1407,['bitcoin'],[],https://twitter.com/alistairmilne/status/1157190839904477186,False,,1,https://pbs.twimg.com/media/EA8q7pNWsAIeTpn.jpg,,,,,,,[],,,,
149,1157105493837516800,1157105493837516800,2019-08-01 21:47:02 Eastern Daylight Time,2019-08-01,21:47:02,-500,339061487,apompliano,Pomp üå™,,The US dollar is plentiful and Bitcoin is scarce.  WHICH ONE DO YOU THINK IS GOING TO BE MORE VALUABLE IN THE FUTURE??,en,[],[],[],224,213,1527,[],[],https://twitter.com/APompliano/status/1157105493837516800,False,,0,,,,,,,,[],,,,
150,1157085792868679680,1157085792868679680,2019-08-01 20:28:45 Eastern Daylight Time,2019-08-01,20:28:45,-500,339061487,apompliano,Pomp üå™,,Federal Reserve cut interest rates yesterday.  Today we learn Hong Kong will be put under martial law.   Bitcoin goes up in price.  The insurance policy against global chaos and instability is working...,en,[],[],[],28,198,959,[],[],https://twitter.com/APompliano/status/1157085792868679680,False,,0,,,,,,,,[],,,,
151,1157080573975945216,1157080573975945216,2019-08-01 20:08:01 Eastern Daylight Time,2019-08-01,20:08:01,-500,938606626017370112,moonoverlord,moon,,"There's been 3 Doji monthly candles along the median long term regression line after bitcoin broke above it  After each one #bitcoin has tapped the top band  This month we're forming our potential 4th doji / (uncertainty candle)  A run to the top band would put $BTC at $50,000+  https://t.co/eFDt8U1FFx",en,[],[],['https://pbs.twimg.com/media/EA7GpGZUEAAFAVh.jpg'],51,224,825,['bitcoin'],['btc'],https://twitter.com/MoonOverlord/status/1157080573975945216,False,,1,https://pbs.twimg.com/media/EA7GpGZUEAAFAVh.jpg,,,,,,,[],,,,
152,1157055315839524864,1157055315839524864,2019-08-01 18:27:39 Eastern Daylight Time,2019-08-01,18:27:39,-500,339061487,apompliano,Pomp üå™,,Educating @jchatterleyCNN‚Äôs audience of millions of people around the world on stock-to-flow ratios and why Bitcoin is poised to go much higher üî•  https://t.co/Xbip4O7pSm,en,"[{'screen_name': 'jchatterleycnn', 'name': 'julia chatterley', 'id': '497262990'}]",[],[],220,606,2613,[],[],https://twitter.com/APompliano/status/1157055315839524864,False,,1,https://pbs.twimg.com/ext_tw_video_thumb/1157055208033095680/pu/img/AE4VKKlA9hcvKszR.jpg,,,,,,,[],,,,
153,1157044019815473152,1157044019815473152,2019-08-01 17:42:45 Eastern Daylight Time,2019-08-01,17:42:45,-500,339061487,apompliano,Pomp üå™,,‚ÄúWe love you Bitcoin‚Äù ‚Äî @jack   Who would have thought it would only take 10 years for a public company CEO to say this on an earnings call! üôèüèΩ,en,"[{'screen_name': 'jack', 'name': 'jack‚ö°Ô∏è', 'id': '12'}]",[],[],60,254,1922,[],[],https://twitter.com/APompliano/status/1157044019815473152,False,,0,,,,,,,,[],,,,
154,1157031992413904896,1157031992413904896,2019-08-01 16:54:58 Eastern Daylight Time,2019-08-01,16:54:58,-500,20902138,alistairmilne,Alistair Milne,,About 7% of all Bitcoin mined in the past 3 months was acquired via a single app that didn't exist two years ago   Let that sink in,en,[],[],[],34,193,928,[],[],https://twitter.com/alistairmilne/status/1157031992413904896,False,https://twitter.com/kerooke/status/1157020355556532247,0,,,,,,,,[],,,,
155,1157025658998087683,1157025658998087683,2019-08-01 16:29:48 Eastern Daylight Time,2019-08-01,16:29:48,-500,1333467482,coindesk,CoinDesk,,"JUST IN: @Square sold $125 million in bitcoin through its @CashApp in the second quarter of 2019, with an increase in the price of $btc fueling demand.  https://t.co/hV5XSHjA9S @BradyDale reports",en,"[{'screen_name': 'square', 'name': 'square', 'id': '93017945'}, {'screen_name': 'cashapp', 'name': 'cash app', 'id': '1445650784'}, {'screen_name': 'bradydale', 'name': 'brady dale', 'id': '14513488'}]",['http://ow.ly/3Q0O50vkjEB'],[],11,192,589,[],['btc'],https://twitter.com/CoinDesk/status/1157025658998087683,False,,0,,,,,,,,[],,,,
156,1157020355556532247,1157020355556532247,2019-08-01 16:08:43 Eastern Daylight Time,2019-08-01,16:08:43,-500,632528146,kerooke,Kevin Rooke,,"Square customers bought $125 million of Bitcoin last quarter on Cash App!  That‚Äôs 5 straight quarters of *accelerating* revenue growth for Square's Bitcoin business, and 237% growth YoY.  TO THE MOON üöÄ  https://t.co/6A3bNtaMTF",en,[],[],['https://pbs.twimg.com/media/EA6P4A7X4AYKb6A.jpg'],33,341,1276,[],[],https://twitter.com/kerooke/status/1157020355556532247,False,,1,https://pbs.twimg.com/media/EA6P4A7X4AYKb6A.jpg,,,,,,,[],,,,
157,1157009990978277376,1157009990978277376,2019-08-01 15:27:32 Eastern Daylight Time,2019-08-01,15:27:32,-500,2207129125,cointelegraph,Cointelegraph,,"Every central bank will be buying Bitcoin to hedge risks to the United States dollar, Anthony Pompliano says  https://t.co/8yQuNMhu5r",en,[],['https://cointelegraph.com/news/central-banks-to-hedge-dollar-risks-with-bitcoin-pompliano-predicts'],[],23,213,582,[],[],https://twitter.com/Cointelegraph/status/1157009990978277376,False,,0,,,,,,,,[],,,,
158,1156994552961687554,1156994552961687554,2019-08-01 14:26:12 Eastern Daylight Time,2019-08-01,14:26:12,-500,497262990,jchatterleycnn,Julia Chatterley,,"Regulators vs Bitcoin: ""The first countries to go ahead and actually use regulation as an incentive to encourage entrepreneurs, encourage the innovation, encourage the disruptive technology...they will be better off over a long period of time,"" says @APompliano  https://t.co/v4P18fkdHg",en,"[{'screen_name': 'apompliano', 'name': 'pomp üå™', 'id': '339061487'}]",[],[],36,185,647,[],[],https://twitter.com/jchatterleyCNN/status/1156994552961687554,False,,1,https://pbs.twimg.com/amplify_video_thumb/1156994387701837825/img/fkBzW7FxczQHXzGh.jpg,,,,,,,[],,,,
159,1156993714247622658,1156993714247622658,2019-08-01 14:22:52 Eastern Daylight Time,2019-08-01,14:22:52,-500,944261020914249729,rhythmtrader,Rhythm,,"Bitcoin, last month:  - Hashrate reaches ATH - SegWit usage hits ATH - US President tweets about it - Congress tries to stop Libra - Fed compares it to gold - Bakkt user testing - Congressman calls it ""unstoppable"" - Iran legalises mining - Bank of China posts bitcoin article",en,[],[],[],15,285,885,[],[],https://twitter.com/Rhythmtrader/status/1156993714247622658,False,,0,,,,,,,,[],,,,
160,1156979005477625857,1156979005477625857,2019-08-01 13:24:25 Eastern Daylight Time,2019-08-01,13:24:25,-500,339061487,apompliano,Pomp üå™,,85% of Bitcoin's total supply has now been mined.,en,[],[],[],144,590,2780,[],[],https://twitter.com/APompliano/status/1156979005477625857,False,,0,,,,,,,,[],,,,
161,1156968533462413313,1156968533462413313,2019-08-01 12:42:48 Eastern Daylight Time,2019-08-01,12:42:48,-500,13418472,woonomic,Willy Woo,,"Introducing the Bitcoin Difficulty Ribbon. When the ribbon compresses, or flips negative, these are the best time to buy in and get exposure to Bitcoin. The ribbon consists of simple moving averages on mining difficulty so we can easily see the rate of change in difficulty.  https://t.co/6kBz4sLG1d",en,[],[],['https://pbs.twimg.com/media/EA5gvIFUwAAL6-7.jpg'],90,650,2044,[],[],https://twitter.com/woonomic/status/1156968533462413313,False,,1,https://pbs.twimg.com/media/EA5gvIFUwAAL6-7.jpg,,,,,,,[],,,,
162,1156948513848266752,1156948513848266752,2019-08-01 11:23:15 Eastern Daylight Time,2019-08-01,11:23:15,-500,339061487,apompliano,Pomp üå™,,"Central banks bought more than $15 billion of gold in the first 6 months of the year.  They are trying to hedge their risk to the US dollar.  Wait till they find out about the non-correlated, asymmetric upside profile of Bitcoin.  Every central bank will be buying Bitcoin üî•",en,[],[],[],201,559,2512,[],[],https://twitter.com/APompliano/status/1156948513848266752,False,,0,,,,,,,,[],,,,
163,1156944679142920198,1156944679142920198,2019-08-01 11:08:01 Eastern Daylight Time,2019-08-01,11:08:01,-500,963876850123538433,gethoneyminer,Honeyminer üçØ,,"üçØBITCOIN #GIVEAWAYüçØ   We are giving away 1,000,000 Satoshis ($100)!   TO ENTER: ‚õèÔ∏èLike &amp; Retweet  ‚õèÔ∏èFollow @gethoneyminer ‚õèÔ∏èTag 3 friends  https://t.co/PeOpbp70rW",en,"[{'screen_name': 'gethoneyminer', 'name': 'honeyminer üçØ', 'id': '963876850123538433'}]",[],['https://pbs.twimg.com/tweet_video_thumb/EA5LBccXsAAlMX1.jpg'],782,494,640,['giveaway'],[],https://twitter.com/gethoneyminer/status/1156944679142920198,False,,1,https://pbs.twimg.com/tweet_video_thumb/EA5LBccXsAAlMX1.jpg,,,,,,,[],,,,
164,1156917065715990529,1156917065715990529,2019-08-01 09:18:17 Eastern Daylight Time,2019-08-01,09:18:17,-500,1333467482,coindesk,CoinDesk,,"LATEST: @ICE_Markets CEO Jeffrey Sprecher said in an earnings call that @Bakkt will launch its physically-settled bitcoin futures soon, subject to regulatory approval.  https://t.co/8Abi9aZe6i @nikhileshde reports",en,"[{'screen_name': 'ice_markets', 'name': 'ice', 'id': '25570548'}, {'screen_name': 'bakkt', 'name': 'bakkt', 'id': '1025229076339060736'}, {'screen_name': 'nikhileshde', 'name': 'nikhilesh de', 'id': '69614360'}]",['http://ow.ly/rRD950vjDuv'],[],26,153,391,[],[],https://twitter.com/CoinDesk/status/1156917065715990529,False,,0,,,,,,,,[],,,,
165,1156905786897063937,1156905786897063937,2019-08-01 08:33:28 Eastern Daylight Time,2019-08-01,08:33:28,-500,23618940,lopp,Jameson Lopp,,Today Bitcoiners celebrate their divorce from terrible ideas and unacceptable compromises. The market has validated this path for 2 years by nearly every conceivable metric. Bitcoin forks offering nearly free transactions struggle to find anyone who cares. Happy UASF day!,en,[],[],[],44,207,1066,[],[],https://twitter.com/lopp/status/1156905786897063937,False,,0,,,,,,,,[],,,,
